Year,Town code,Town name,CGS 12-81 (60) MM&E in Distressed/Enterprise or Airport Zone - # Taxpayers With Approved Claims,CGS 12-81 (60) MM&E in Distressed/Enterprise or Airport Zone - Amount Of Approved Exemptions ($),CGS 12-81 (70) MM&E as Technological Upgrade - # Taxpayers With Approved Claims,CGS 12-81 (70) MM&E as Technological Upgrade - Amount Of Approved Exemptions ($),CGS 12-81 (72) MM&E Assessed Prior to 10/1/2011 - # Taxpayers With Approved Claims,CGS 12-81 (72) MM&E Assessed Prior to 10/1/2011 - Amount Of Approved Exemptions ($),CGS 12-81 (76) MM&E Assessed After 10/1/2011 - # Taxpayers With Approved Claims,CGS 12-81 (76) MM&E Assessed After 10/1/2011 - Amount Of Approved Exemptions ($),Totals - Taxpayer,Totals - Assessment
2024,1,Andover,0,0,0,0,0,0,4,961550,4,961550
2024,2,Ansonia,0,0,0,0,2,67760,15,6443270,17,6511030
2024,3,Ashford,0,0,0,0,0,0,7,585770,7,585770
2024,4,Avon,0,0,0,0,0,0,11,19816320,11,19816320
2024,5,Barkhamsted,0,0,0,0,7,1268410,8,2745970,15,4014380
2024,6,Beacon Falls,0,0,0,0,0,0,18,11239370,18,11239370
2024,7,Berlin,0,0,0,0,0,0,98,924650600,98,924650600
2024,8,Bethany,0,0,0,0,0,0,7,4001350,7,4001350
2024,9,Bethel,0,0,0,0,0,0,34,41014350,34,41014350
2024,10,Bethlehem,0,0,0,0,0,0,0,0,0,0
2024,11,Bloomfield,0,0,0,0,0,0,80,164239287,80,164239287
2024,12,Bolton,0,0,0,0,0,0,6,3750201,6,3750201
2024,13,Bozrah,0,0,0,0,0,0,11,16173970,11,16173970
2024,14,Branford,0,0,0,0,0,0,48,48646848,48,48646848
2024,15,Bridgeport,51,3980728,0,0,0,0,92,59296196,143,63276924
2024,16,Bridgewater,0,0,0,0,0,0,1,3200,1,3200
2024,17,Bristol,131,163578034,0,0,0,0,6,884086,137,164462120
2024,18,Brookfield,0,0,0,0,0,0,33,20809280,33,20809280
2024,19,Brooklyn,0,0,0,0,0,0,11,941980,11,941980
2024,20,Burlington,0,0,0,0,0,0,2,478190,2,478190
2024,21,Canaan,0,0,0,0,0,0,2,2656570,2,2656570
2024,22,Canterbury,0,0,0,0,0,0,2,744740,2,744740
2024,23,Canton,0,0,0,0,1,39300,5,1006700,6,1046000
2024,24,Chaplin,0,0,0,0,0,0,2,36090,2,36090
2024,25,Cheshire,0,0,0,0,0,0,47,59486260,47,59486260
2024,26,Chester,0,0,0,0,0,0,10,8489900,10,8489900
2024,27,Clinton,0,0,0,0,0,0,15,5024510,15,5024510
2024,28,Colchester,0,0,0,0,7,314290,13,5117030,20,5431320
2024,29,Colebrook,0,0,0,0,0,0,2,378090,2,378090
2024,30,Columbia,0,0,0,0,0,0,11,7341070,11,7341070
2024,31,Cornwall,0,0,0,0,0,0,0,0,0,0
2024,32,Coventry,0,0,0,0,3,66276,5,1079259,8,1145535
2024,33,Cromwell,0,0,0,0,6,1378770,11,7036030,17,8414800
2024,34,Danbury,0,0,0,0,0,0,85,206188178,85,206188178
2024,35,Darien,0,0,0,0,0,0,2,920996,2,920996
2024,36,Deep River,0,0,0,0,0,0,18,12958250,18,12958250
2024,37,Derby,0,0,0,0,0,0,8,1542360,8,1542360
2024,38,Durham,0,0,0,0,0,0,18,21394930,18,21394930
2024,39,Eastford,0,0,0,0,0,0,11,10220620,11,10220620
2024,40,East Granby,0,0,0,0,0,0,26,22176890,26,22176890
2024,41,East Haddam,0,0,0,0,0,0,1,129440,1,129440
2024,42,East Hampton,0,0,0,0,0,0,5,4180740,5,4180740
2024,43,East Hartford,1,570952,0,0,0,0,54,369970380,55,370541332
2024,44,East Haven,0,0,0,0,0,0,23,9912820,23,9912820
2024,45,East Lyme,0,0,0,0,0,0,8,1830310,8,1830310
2024,46,Easton,0,0,0,0,0,0,0,0,0,0
2024,47,East Windsor,0,0,0,0,0,0,24,24366260,24,24366260
2024,48,Ellington,0,0,0,0,0,0,21,23508510,21,23508510
2024,49,Enfield,0,0,0,0,0,0,25,31154150,25,31154150
2024,50,Essex,0,0,0,0,0,0,22,26266010,22,26266010
2024,51,Fairfield,0,0,0,0,0,0,13,12685430,13,12685430
2024,52,Farmington,0,0,0,0,0,0,48,58939800,48,58939800
2024,53,Franklin,0,0,0,0,0,0,7,2509150,7,2509150
2024,54,Glastonbury,0,0,0,0,0,0,32,15782610,32,15782610
2024,55,Goshen,0,0,0,0,0,0,4,3367340,4,3367340
2024,56,Granby,0,0,0,0,0,0,2,1627240,2,1627240
2024,57,Greenwich,0,0,0,0,0,0,1,43044370,1,43044370
2024,58,Griswold,0,0,0,0,0,0,2,4560390,2,4560390
2024,59,Groton,0,0,0,0,0,0,58,238685790,58,238685790
2024,60,Guilford,0,0,0,0,0,0,18,12118780,18,12118780
2024,61,Haddam,0,0,0,0,0,0,0,0,0,0
2024,62,Hamden,0,0,0,0,0,0,57,24240480,57,24240480
2024,63,Hampton,0,0,0,0,0,0,0,0,0,0
2024,64,Hartford,0,0,0,0,0,0,50,15897358,50,15897358
2024,65,Hartland,0,0,0,0,0,0,0,0,0,0
2024,66,Harwinton,0,0,0,0,0,0,5,1157460,5,1157460
2024,67,Hebron,0,0,0,0,0,0,0,0,0,0
2024,68,Kent,0,0,0,0,0,0,1,190230,1,190230
2024,69,Killingly,0,0,0,0,0,0,34,77543340,34,77543340
2024,70,Killingworth,0,0,0,0,0,0,0,0,0,0
2024,71,Lebanon,0,0,0,0,0,0,2,7230990,2,7230990
2024,72,Ledyard,0,0,0,0,0,0,5,12866262,5,12866262
2024,73,Lisbon,0,0,0,0,0,0,25400,25400,25400,25400
2024,74,Litchfield,0,0,0,0,1,4500,7,1196400,8,1200900
2024,75,Lyme,0,0,0,0,0,0,0,0,0,0
2024,76,Madison,0,0,0,0,0,0,2,123820,2,123820
2024,77,Manchester,0,0,0,0,0,0,104,119937580,104,119937580
2024,78,Mansfield,0,0,0,0,1,51550,2,1075990,3,1127540
2024,79,Marlborough,0,0,0,0,0,0,6,979830,6,979830
2024,80,Meriden,0,0,0,0,0,0,63,63735400,63,63735400
2024,81,Middlebury,0,0,0,0,3,559345,7,1189662,10,1749007
2024,82,Middlefield,0,0,0,0,0,0,17,21819430,17,21819430
2024,83,Middletown,0,0,0,0,0,0,47,292392330,47,292392330
2024,84,Milford,0,0,0,0,0,0,107,118524322,107,118524322
2024,85,Monroe,0,0,0,0,0,0,21,28564650,21,28564650
2024,86,Montville,0,0,0,0,0,0,12,42399840,12,42399840
2024,87,Morris,0,0,0,0,0,0,2,1721800,2,1721800
2024,88,Naugatuck,6,2952952,0,0,0,0,47,47673145,53,50626097
2024,89,New Britain,3,289644,0,0,0,0,94,153547880,97,153837524
2024,90,New Canaan,0,0,0,0,0,0,1,8859,1,8859
2024,91,New Fairfield,0,0,0,0,1,51027,3,77848,4,128875
2024,92,New Hartford,0,0,0,0,0,0,16,10564235,16,10564235
2024,93,New Haven,3,1380304,0,0,0,0,62,107959110,65,109339414
2024,94,Newington,0,0,0,0,0,0,73,88329850,73,88329850
2024,95,New London,0,0,0,0,0,0,12,4954950,12,4954950
2024,96,New Milford,0,0,0,0,0,0,38,74108060,38,74108060
2024,97,Newtown,0,0,0,0,0,0,19,23362370,19,23362370
2024,98,Norfolk,0,0,0,0,0,0,2,854160,2,854160
2024,99,North Branford,0,0,0,0,0,0,27,32558218,27,32558218
2024,100,North Canaan,0,0,0,0,0,0,11,57241950,11,57241950
2024,101,North Haven,0,0,0,0,0,0,42,191044130,42,191044130
2024,102,North Stonington,0,0,0,0,0,0,4,1434360,4,1434360
2024,103,Norwalk,0,0,0,0,0,0,45,14483100,45,14483100
2024,104,Norwich Town,1,4311200,0,0,0,0,17,13530510,18,17841710
2024,105,Old Lyme,0,0,0,0,0,0,1,102900,1,102900
2024,106,Old Saybrook,0,0,0,0,0,0,13,2635070,13,2635070
2024,107,Orange,0,0,0,0,0,0,22,19589970,22,19589970
2024,108,Oxford,3,113434,0,0,0,0,31,18698680,34,18812114
2024,109,Plainfield,0,0,0,0,0,0,29,17970230,29,17970230
2024,110,Plainville,0,0,0,0,0,0,68,47733490,68,47733490
2024,111,Plymouth,2,329664,0,0,9,266670,27,11645190,38,12241524
2024,112,Pomfret,0,0,0,0,0,0,9,7600800,9,7600800
2024,113,Portland,0,0,0,0,0,0,21,6177600,21,6177600
2024,114,Preston,0,0,0,0,0,0,2,79820,2,79820
2024,115,Prospect,0,0,0,0,0,0,13,7797190,13,7797190
2024,116,Putnam,4,139388,0,0,0,0,34,31880380,38,32019768
2024,117,Redding,0,0,0,0,0,0,0,0,0,0
2024,118,Ridgefield,0,0,0,0,0,0,8,91462580,8,91462580
2024,119,Rocky Hill,0,0,0,0,0,0,13,10595410,13,10595410
2024,120,Roxbury,0,0,0,0,0,0,1,168660,1,168660
2024,121,Salem,0,0,0,0,3,482255,7,1464685,10,1946940
2024,122,Salisbury,0,0,0,0,0,0,1,2571440,1,2571440
2024,123,Scotland,0,0,0,0,0,0,1,359780,1,359780
2024,124,Seymour,0,0,0,0,12,3694323.88,18,34882501.15,30,38576825.03
2024,125,Sharon,0,0,0,0,0,0,0,0,0,0
2024,126,Shelton,0,0,0,0,0,0,49,65464660,49,65464660
2024,127,Sherman,0,0,0,0,0,0,0,0,0,0
2024,128,Simsbury,0,0,0,0,0,0,12,14524650,12,14524650
2024,129,Somers,0,0,0,0,0,0,9,2003770,9,2003770
2024,130,Southbury,0,0,8,751580,0,0,0,0,8,751580
2024,131,Southington,5,1343188,0,0,0,0,88,77741103,93,79084291
2024,132,South Windsor,0,0,0,0,0,0,83,96367270,83,96367270
2024,133,Sprague,2,1092316,0,0,3,4831140,4,2061740,9,7985196
2024,134,Stafford,0,0,0,0,0,0,20,34883410,20,34883410
2024,135,Stamford,3,17629406,0,0,0,0,64,37826890,67,55456296
2024,136,Sterling,0,0,0,0,0,0,8,1761870,8,1761870
2024,137,Stonington,0,0,0,0,0,0,23,13286090,23,13286090
2024,138,Stratford,0,0,0,0,0,0,50,64906350,50,64906350
2024,139,Suffield,1,7000,0,0,0,0,17,30112500,18,30119500
2024,140,Thomaston,2,87300,0,0,0,0,36,40274270,38,40361570
2024,141,Thompson,0,0,0,0,0,0,13,7483450,13,7483450
2024,142,Tolland,0,0,0,0,0,0,15,2154610,15,2154610
2024,143,Torrington,1,1176,0,0,0,0,54,66625540,55,66626716
2024,144,Trumbull,0,0,0,0,0,0,20,17775250,20,17775250
2024,145,Union,0,0,0,0,0,0,0,0,0,0
2024,146,Vernon,0,0,0,0,0,0,13,2690530,13,2690530
2024,147,Voluntown,0,0,0,0,0,0,1,240800,1,240800
2024,148,Wallingford,0,0,0,0,0,0,155,33900380,155,33900380
2024,149,Warren,0,0,0,0,1,5700,1,34030,2,39730
2024,150,Washington,0,0,0,0,0,0,0,0,0,0
2024,151,Waterbury,4,727599,0,0,0,0,125,117551740,129,118279339
2024,152,Waterford,0,0,0,0,5,570930,5,4337790,10,4908720
2024,153,Watertown,0,0,0,0,0,0,56,64869320,56,64869320
2024,154,Westbrook,0,0,0,0,0,0,9,62721490,9,62721490
2024,155,West Hartford,0,0,0,0,0,0,34,24454330,34,24454330
2024,156,West Haven,0,0,0,0,0,0,36,29927350,36,29927350
2024,157,Weston,0,0,0,0,0,0,0,0,0,0
2024,158,Westport,0,0,0,0,0,0,4,76020,4,76020
2024,159,Wethersfield,0,0,0,0,6,396638,15,1567412,21,1964050
2024,160,Willington,0,0,0,0,0,0,5,2476720,5,2476720
2024,161,Wilton,0,0,0,0,0,0,6,223909300,6,223909300
2024,162,Winchester,0,0,0,0,0,0,32,24101609,32,24101609
2024,163,Windham,0,0,0,0,0,0,20,26763930,20,26763930
2024,164,Windsor,0,0,0,0,0,0,56,80712950,56,80712950
2024,165,Windsor Locks,0,0,0,0,0,0,21,177077400,21,177077400
2024,166,Wolcott,0,0,0,0,0,0,34,14051540,34,14051540
2024,167,Woodbridge,0,0,0,0,0,0,10,1644250,10,1644250
2024,168,Woodbury,0,0,0,0,3,81150,4,7733110,7,7814260
2024,169,Woodstock,0,0,0,0,0,0,7,6599670,7,6599670
2024,,Connecticut,223,198534285,8,751580,74,14130034.88,29150,6035776560,29455,6249192460
2023,1,Andover,0,0,0,0,0,0,4,956360,4,956360
2023,2,Ansonia,0,0,0,0,10,891830,13,5243550,23,6135380
2023,3,Ashford,0,0,0,0,0,0,5,564320,5,564320
2023,4,Avon,0,0,0,0,0,0,12,20636720,12,20636720
2023,5,Barkhamsted,0,0,0,0,7,1268400,11,2953260,18,4221660
2023,6,Beacon Falls,0,0,0,0,0,0,19,11659210,19,11659210
2023,7,Berlin,0,0,0,0,83,111473160,0,0,83,111473160
2023,8,Bethany,0,0,0,0,0,0,8,534240,8,534240
2023,9,Bethel,0,0,0,0,0,0,32,42094090,32,42094090
2023,10,Bethlehem,0,0,0,0,0,0,0,0,0,0
2023,11,Bloomfield,0,0,0,0,0,0,74,137814400,74,137814400
2023,12,Bolton,0,0,0,0,0,0,5,2517190,5,2517190
2023,13,Bozrah,0,0,0,0,0,0,13,16637610,13,16637610
2023,14,Branford,0,0,0,0,0,0,53,34284230,53,34284230
2023,15,Bridgeport,57,6103956,0,0,0,0,92,53977220,149,60081176
2023,16,Bridgewater,0,0,0,0,0,0,0,0,0,0
2023,17,Bristol,130,173072359,0,0,0,0,6,712730,136,173785089
2023,18,Brookfield,0,0,0,0,0,0,33,21846310,33,21846310
2023,19,Brooklyn,0,0,0,0,0,0,11,959810,11,959810
2023,20,Burlington,0,0,0,0,0,0,3,406090,3,406090
2023,21,Canaan,0,0,0,0,0,0,3,2208630,3,2208630
2023,22,Canterbury,0,0,0,0,0,0,4,637700,4,637700
2023,23,Canton,0,0,0,0,5,105974,6,766326,11,872300
2023,24,Chaplin,0,0,0,0,0,0,3,43440,3,43440
2023,25,Cheshire,0,0,0,0,0,0,51,56755650,51,56755650
2023,26,Chester,0,0,0,0,0,0,9,8958320,9,8958320
2023,27,Clinton,0,0,0,0,0,0,18,4914450,18,4914450
2023,28,Colchester,0,0,0,0,7,314290,14,5265080,21,5579370
2023,29,Colebrook,0,0,0,0,0,0,2,372670,2,372670
2023,30,Columbia,0,0,0,0,0,0,11,7799740,11,7799740
2023,31,Cornwall,0,0,0,0,0,0,0,0,0,0
2023,32,Coventry,0,0,0,0,3,66276,5,1036157,8,1102433
2023,33,Cromwell,0,0,0,0,7,1329160,11,7986070,18,9315230
2023,34,Danbury,0,0,0,0,0,0,87,199642320,87,199642320
2023,35,Darien,0,0,0,0,0,0,2,897235,2,897235
2023,36,Deep River,0,0,0,0,0,0,21,11354490,21,11354490
2023,37,Derby,0,0,0,0,0,0,10,1399010,10,1399010
2023,38,Durham,0,0,0,0,0,0,22,22299300,22,22299300
2023,39,Eastford,0,0,0,0,0,0,11,11796530,11,11796530
2023,40,East Granby,0,0,0,0,0,0,33,60395580,33,60395580
2023,41,East Haddam,0,0,0,0,0,0,1,139780,1,139780
2023,42,East Hampton,0,0,0,0,0,0,6,4523300,6,4523300
2023,43,East Hartford,1,436570,0,0,0,0,56,369010620,57,369447190
2023,44,East Haven,0,0,0,0,0,0,22,7217090,22,7217090
2023,45,East Lyme,0,0,0,0,0,0,9,1826824,9,1826824
2023,46,Easton,0,0,0,0,0,0,0,0,0,0
2023,47,East Windsor,0,0,0,0,0,0,29,22454820,29,22454820
2023,48,Ellington,0,0,0,0,0,0,19,21241980,19,21241980
2023,49,Enfield,0,0,0,0,0,0,21,29619670,21,29619670
2023,50,Essex,0,0,0,0,0,0,22,26462490,22,26462490
2023,51,Fairfield,0,0,0,0,0,0,14,19816810,14,19816810
2023,52,Farmington,0,0,0,0,0,0,49,71338860,49,71338860
2023,53,Franklin,0,0,0,0,0,0,5,2575340,5,2575340
2023,54,Glastonbury,0,0,0,0,32,21271360,0,0,32,21271360
2023,55,Goshen,0,0,0,0,0,0,5,3263740,5,3263740
2023,56,Granby,0,0,0,0,0,0,2,1552670,2,1552670
2023,57,Greenwich,0,0,0,0,0,0,3,36980940,3,36980940
2023,58,Griswold,0,0,0,0,0,0,2,4508150,2,4508150
2023,59,Groton,0,0,0,0,0,0,51,200650480,51,200650480
2023,60,Guilford,0,0,0,0,0,0,19,8068860,19,8068860
2023,61,Haddam,0,0,0,0,0,0,0,0,0,0
2023,62,Hamden,0,0,0,0,0,0,59,24122530,59,24122530
2023,63,Hampton,0,0,0,0,0,0,0,0,0,0
2023,64,Hartford,0,0,0,0,0,0,58,23959393,58,23959393
2023,65,Hartland,0,0,0,0,0,0,0,0,0,0
2023,66,Harwinton,0,0,0,0,0,0,5,1110260,5,1110260
2023,67,Hebron,0,0,0,0,1,7830,0,0,1,7830
2023,68,Kent,0,0,0,0,0,0,1,209610,1,209610
2023,69,Killingly,0,0,0,0,0,0,34,72138010,34,72138010
2023,70,Killingworth,0,0,0,0,0,0,0,0,0,0
2023,71,Lebanon,0,0,0,0,0,0,1,7108850,1,7108850
2023,72,Ledyard,0,0,0,0,0,0,5,10827991,5,10827991
2023,73,Lisbon,0,0,0,0,0,0,0,0,0,0
2023,74,Litchfield,0,0,0,0,0,0,6,1425120,6,1425120
2023,75,Lyme,0,0,0,0,0,0,0,0,0,0
2023,76,Madison,0,0,0,0,0,0,3,208280,3,208280
2023,77,Manchester,0,0,0,0,0,0,91,119773640,91,119773640
2023,78,Mansfield,0,0,0,0,0,0,4,1189060,4,1189060
2023,79,Marlborough,0,0,0,0,0,0,7,963717,7,963717
2023,80,Meriden,0,0,0,0,0,0,66,65394550,66,65394550
2023,81,Middlebury,0,0,0,0,0,0,6,1513930,6,1513930
2023,82,Middlefield,0,0,0,0,0,0,15,16439490,15,16439490
2023,83,Middletown,0,0,0,0,0,0,49,292246860,49,292246860
2023,84,Milford,0,0,0,0,0,0,111,135304786,111,135304786
2023,85,Monroe,0,0,0,0,0,0,19,20822710,19,20822710
2023,86,Montville,0,0,0,0,0,0,10,42414880,10,42414880
2023,87,Morris,0,0,0,0,0,0,2,2301788,2,2301788
2023,88,Naugatuck,6,3781826,0,0,0,0,41,40585530,47,44367356
2023,89,New Britain,4,175400,0,0,0,0,88,135623540,92,135798940
2023,90,New Canaan,0,0,0,0,0,0,1,9220,1,9220
2023,91,New Fairfield,0,0,0,0,2,57737,2,96048,4,153785
2023,92,New Hartford,0,0,0,0,0,0,16,10551360,16,10551360
2023,93,New Haven,4,12311090,0,0,0,0,65,88521970,69,100833060
2023,94,Newington,0,0,0,0,0,0,69,93315790,69,93315790
2023,95,New London,0,0,0,0,0,0,10,3504010,10,3504010
2023,96,New Milford,0,0,0,0,0,0,37,73411660,37,73411660
2023,97,Newtown,0,0,0,0,0,0,24,26775760,24,26775760
2023,98,Norfolk,0,0,0,0,0,0,3,905060,3,905060
2023,99,North Branford,0,0,0,0,0,0,24,28399991,24,28399991
2023,100,North Canaan,0,0,0,0,0,0,11,64476030,11,64476030
2023,101,North Haven,0,0,0,0,0,0,47,1536757400,47,1536757400
2023,102,North Stonington,0,0,0,0,0,0,5,1564310,5,1564310
2023,103,Norwalk,0,0,0,0,0,0,47,15302991,47,15302991
2023,104,Norwich Town,1,2257980,0,0,0,0,18,11339610,19,13597590
2023,105,Old Lyme,0,0,0,0,0,0,2,109980,2,109980
2023,106,Old Saybrook,0,0,14,2106620,0,0,0,0,14,2106620
2023,107,Orange,0,0,0,0,0,0,23,21308760,23,21308760
2023,108,Oxford,4,373764,0,0,0,0,33,18051510,37,18425274
2023,109,Plainfield,2,4936102,0,0,0,0,28,17663060,30,22599162
2023,110,Plainville,0,0,0,0,0,0,66,44207420,66,44207420
2023,111,Plymouth,0,0,0,0,0,0,35,10880080,35,10880080
2023,112,Pomfret,0,0,0,0,0,0,9,5295940,9,5295940
2023,113,Portland,0,0,0,0,0,0,22,5893390,22,5893390
2023,114,Preston,0,0,0,0,0,0,2,182840,2,182840
2023,115,Prospect,0,0,0,0,0,0,14,7499100,14,7499100
2023,116,Putnam,4,85965,0,0,0,0,38,35142380,42,35228345
2023,117,Redding,0,0,0,0,0,0,0,0,0,0
2023,118,Ridgefield,0,0,0,0,0,0,12,90169920,12,90169920
2023,119,Rocky Hill,0,0,0,0,0,0,12,8574560,12,8574560
2023,120,Roxbury,0,0,0,0,0,0,1,129910,1,129910
2023,121,Salem,0,0,0,0,1,278920,5,1527500,6,1806420
2023,122,Salisbury,0,0,0,0,0,0,1,2285090,1,2285090
2023,123,Scotland,0,0,0,0,0,0,1,353650,1,353650
2023,124,Seymour,0,0,0,0,10,3524030,17,26625830,27,30149860
2023,125,Sharon,0,0,0,0,0,0,0,0,0,0
2023,126,Shelton,0,0,0,0,0,0,47,63667070,47,63667070
2023,127,Sherman,0,0,0,0,0,0,0,0,0,0
2023,128,Simsbury,0,0,0,0,0,0,11,15907970,11,15907970
2023,129,Somers,0,0,0,0,0,0,9,1981450,9,1981450
2023,130,Southbury,0,0,7,533970,0,0,0,0,7,533970
2023,131,Southington,8,4122547,0,0,0,0,92,84860847,100,88983394
2023,132,South Windsor,0,0,0,0,0,0,85,103592310,85,103592310
2023,133,Sprague,2,1111061,0,0,3,4831131.69,4,1881798.31,9,7823991
2023,134,Stafford,0,0,0,0,0,0,22,32881780,22,32881780
2023,135,Stamford,4,18882228,0,0,0,0,65,42793960,69,61676188
2023,136,Sterling,0,0,0,0,0,0,9,1744230,9,1744230
2023,137,Stonington,0,0,0,0,0,0,23,8841260,23,8841260
2023,138,Stratford,0,0,0,0,0,0,62,273607271,62,273607271
2023,139,Suffield,1,8170,0,0,0,0,18,27465940,19,27474110
2023,140,Thomaston,0,0,0,0,0,0,35,37732200,35,37732200
2023,141,Thompson,1,1525680,0,0,0,0,14,7576060,15,9101740
2023,142,Tolland,0,0,0,0,0,0,17,2845940,17,2845940
2023,143,Torrington,2,9520,0,0,0,0,64,5201280,66,5210800
2023,144,Trumbull,0,0,0,0,0,0,18,14991331,18,14991331
2023,145,Union,0,0,0,0,0,0,0,0,0,0
2023,146,Vernon,0,0,0,0,0,0,11,3671840,11,3671840
2023,147,Voluntown,0,0,0,0,0,0,1,262500,1,262500
2023,148,Wallingford,0,0,0,0,0,0,110,175780600,110,175780600
2023,149,Warren,0,0,0,0,1,6690,1,34030,2,40720
2023,150,Washington,0,0,0,0,0,0,0,0,0,0
2023,151,Waterbury,4,796754,0,0,0,0,127,125195351,131,125992105
2023,152,Waterford,0,0,0,0,4,547088,6,3927142,10,4474230
2023,153,Watertown,0,0,58,66879460,0,0,0,0,58,66879460
2023,154,Westbrook,0,0,0,0,0,0,11,58858320,11,58858320
2023,155,West Hartford,0,0,0,0,0,0,37,24603331,37,24603331
2023,156,West Haven,0,0,0,0,0,0,33,24711630,33,24711630
2023,157,Weston,0,0,0,0,0,0,0,0,0,0
2023,158,Westport,0,0,0,0,0,0,3,59830,3,59830
2023,159,Wethersfield,0,0,0,0,0,0,16,1753300,16,1753300
2023,160,Willington,0,0,0,0,0,0,4,1831670,4,1831670
2023,161,Wilton,0,0,0,0,0,0,5,207803410,5,207803410
2023,162,Winchester,0,0,0,0,0,0,33,27781670,33,27781670
2023,163,Windham,0,0,0,0,0,0,22,26571050,22,26571050
2023,164,Windsor,0,0,0,0,0,0,57,78624470,57,78624470
2023,165,Windsor Locks,0,0,0,0,0,0,19,166359640,19,166359640
2023,166,Wolcott,0,0,0,0,0,0,35,13428050,35,13428050
2023,167,Woodbridge,0,0,0,0,9,2235770,0,0,9,2235770
2023,168,Woodbury,0,0,0,0,0,0,6,8280550,6,8280550
2023,169,Woodstock,0,0,0,0,0,0,7,7480680,7,7480680
2023,,Connecticut,235,229990972,79,69520050,185,148209646.7,3572,6540686878,4071,6988407547
2022,1,Andover,0,0,0,0,0,0,4,568000,4,568000
2022,2,Ansonia,0,0,0,0,11,1033270,16,5210056,27,6243326
2022,3,Ashford,0,0,0,0,0,0,6,485750,6,485750
2022,4,Avon,12,21483900,0,0,0,0,0,0,12,21483900
2022,5,Barkhamsted,0,0,0,0,7,1270860,10,2278430,17,3549290
2022,6,Beacon Falls,0,0,0,0,0,0,19,12088990,19,12088990
2022,7,Berlin,0,0,0,0,0,0,91,121165020,91,121165020
2022,8,Bethany,0,0,0,0,3,50490,6,2947190,9,2997680
2022,9,Bethel,0,0,0,0,0,0,32,42446440,32,42446440
2022,10,Bethlehem,0,0,0,0,0,0,0,0,0,0
2022,11,Bloomfield,0,0,0,0,0,0,76,128880460,76,128880460
2022,12,Bolton,0,0,0,0,0,0,5,2651930,5,2651930
2022,13,Bozrah,0,0,0,0,0,0,0,0,0,0
2022,14,Branford,0,0,0,0,0,0,59,38094750,59,38094750
2022,15,Bridgeport,56,4909094,0,0,0,0,91,48323410,147,53232504
2022,16,Bridgewater,0,0,0,0,0,0,1,4350,1,4350
2022,17,Bristol,10,646930,0,0,0,0,134,185033378,144,185680308
2022,18,Brookfield,0,0,0,0,0,0,29,15305950,29,15305950
2022,19,Brooklyn,0,0,0,0,0,0,8,934560,8,934560
2022,20,Burlington,0,0,0,0,0,0,3,406070,3,406070
2022,21,Canaan,0,0,0,0,0,0,3,1816690,3,1816690
2022,22,Canterbury,0,0,0,0,0,0,5,511070,5,511070
2022,23,Canton,0,0,0,0,0,0,8,864840,8,864840
2022,24,Chaplin,0,0,0,0,0,0,3,46680,3,46680
2022,25,Cheshire,0,0,0,0,0,0,49,51923310,49,51923310
2022,26,Chester,0,0,0,0,0,0,12,11149810,12,11149810
2022,27,Clinton,0,0,0,0,0,0,19,4486220,19,4486220
2022,28,Colchester,0,0,0,0,8,315190,16,5501690,24,5816880
2022,29,Colebrook,0,0,0,0,0,0,2,375210,2,375210
2022,30,Columbia,0,0,0,0,0,0,10,6048930,10,6048930
2022,31,Cornwall,0,0,0,0,0,0,0,0,0,0
2022,32,Coventry,0,0,0,0,2,41130,3,331280,5,372410
2022,33,Cromwell,0,0,0,0,11,1111970,14,10529030,25,11641000
2022,34,Danbury,0,0,0,0,0,0,0,0,0,0
2022,35,Darien,0,0,0,0,0,0,2,642480,2,642480
2022,36,Deep River,0,0,0,0,19,3859200,10,8519930,29,12379130
2022,37,Derby,1,323238,0,0,0,0,9,1406815,10,1730053
2022,38,Durham,0,0,0,0,0,0,20,22282760,20,22282760
2022,39,Eastford,0,0,0,0,0,0,11,13467460,11,13467460
2022,40,East Granby,0,0,0,0,0,0,35,66553090,35,66553090
2022,41,East Haddam,0,0,0,0,1,49680,1,32940,2,82620
2022,42,East Hampton,0,0,0,0,6,4062370,0,0,6,4062370
2022,43,East Hartford,1,4918740,0,0,0,0,54,351057210,55,355975950
2022,44,East Haven,0,0,0,0,0,0,20,6562620,20,6562620
2022,45,East Lyme,0,0,0,0,0,0,8,1587720,8,1587720
2022,46,Easton,0,0,0,0,0,0,0,0,0,0
2022,47,East Windsor,0,0,0,0,0,0,34,26572620,34,26572620
2022,48,Ellington,0,0,0,0,18,22406190,0,0,18,22406190
2022,49,Enfield,0,0,0,0,0,0,29,30269470,29,30269470
2022,50,Essex,0,0,0,0,0,0,22,25810380,22,25810380
2022,51,Fairfield,0,0,0,0,0,0,14,18438250,14,18438250
2022,52,Farmington,0,0,0,0,0,0,45,54304690,45,54304690
2022,53,Franklin,0,0,0,0,0,0,5,2313670,5,2313670
2022,54,Glastonbury,0,0,0,0,0,0,28,20311750,28,20311750
2022,55,Goshen,0,0,0,0,0,0,4,2739250,4,2739250
2022,56,Granby,0,0,0,0,0,0,2,1342420,2,1342420
2022,57,Greenwich,0,0,0,0,0,0,5,35673340,5,35673340
2022,58,Griswold,0,0,0,0,0,0,2,4117290,2,4117290
2022,59,Groton,0,0,0,0,0,0,53,184018310,53,184018310
2022,60,Guilford,0,0,0,0,0,0,19,19698210,19,19698210
2022,61,Haddam,0,0,0,0,0,0,0,0,0,0
2022,62,Hamden,0,0,0,0,0,0,55,21548390,55,21548390
2022,63,Hampton,0,0,0,0,0,0,0,0,0,0
2022,64,Hartford,0,0,0,0,0,0,57,23991020,57,23991020
2022,65,Hartland,0,0,0,0,0,0,0,0,0,0
2022,66,Harwinton,0,0,0,0,0,0,4,1175860,4,1175860
2022,67,Hebron,0,0,0,0,0,0,0,0,0,0
2022,68,Kent,0,0,0,0,0,0,1,232670,1,232670
2022,69,Killingly,0,0,0,0,0,0,33,74614430,33,74614430
2022,70,Killingworth,0,0,0,0,0,0,0,0,0,0
2022,71,Lebanon,0,0,0,0,0,0,1,6507010,1,6507010
2022,72,Ledyard,0,0,0,0,0,0,4,10715586,4,10715586
2022,73,Lisbon,0,0,0,0,0,0,0,0,0,0
2022,74,Litchfield,0,0,0,0,0,0,7,1317760,7,1317760
2022,75,Lyme,0,0,0,0,0,0,0,0,0,0
2022,76,Madison,0,0,0,0,0,0,3,269440,3,269440
2022,77,Manchester,0,0,0,0,0,0,109,121548610,109,121548610
2022,78,Mansfield,0,0,0,0,0,0,3,830380,3,830380
2022,79,Marlborough,0,0,0,0,0,0,8,1101910,8,1101910
2022,80,Meriden,0,0,0,0,0,0,67,68486820,67,68486820
2022,81,Middlebury,0,0,0,0,3,595011,6,891449,9,1486460
2022,82,Middlefield,0,0,0,0,0,0,13,14059030,13,14059030
2022,83,Middletown,0,0,0,0,0,0,52,278011590,52,278011590
2022,84,Milford,0,0,0,0,0,0,114,136109682,114,136109682
2022,85,Monroe,0,0,0,0,0,0,22,19377780,22,19377780
2022,86,Montville,0,0,0,0,0,0,15,42147990,15,42147990
2022,87,Morris,0,0,0,0,2,49490,3,1578440,5,1627930
2022,88,Naugatuck,9,17118388,0,0,0,0,37,37062080,46,54180468
2022,89,New Britain,6,197100,0,0,0,0,87,126660980,93,126858080
2022,90,New Canaan,0,0,0,0,0,0,1,9520,1,9520
2022,91,New Fairfield,0,0,0,0,0,0,4,90448,4,90448
2022,92,New Hartford,0,0,0,0,0,0,15,10619520,15,10619520
2022,93,New Haven,3,1985906,0,0,0,0,68,82080810,71,84066716
2022,94,Newington,0,0,0,0,0,0,75,86887400,75,86887400
2022,95,New London,2,509896,0,0,0,0,11,3664090,13,4173986
2022,96,New Milford,0,0,0,0,0,0,40,73087860,40,73087860
2022,97,Newtown,0,0,0,0,0,0,25,24891480,25,24891480
2022,98,Norfolk,0,0,0,0,0,0,2,762470,2,762470
2022,99,North Branford,0,0,0,0,0,0,24,23291239,24,23291239
2022,100,North Canaan,0,0,0,0,0,0,12,64045820,12,64045820
2022,101,North Haven,0,0,0,0,0,0,46,133838420,46,133838420
2022,102,North Stonington,0,0,0,0,0,0,5,1264580,5,1264580
2022,103,Norwalk,0,0,0,0,0,0,38,13843991,38,13843991
2022,104,Norwich Town,1,1793504,0,0,0,0,20,10647450,21,12440954
2022,105,Old Lyme,0,0,0,0,0,0,2,114780,2,114780
2022,106,Old Saybrook,0,0,0,0,0,0,14,2307500,14,2307500
2022,107,Orange,0,0,0,0,0,0,24,20440540,24,20440540
2022,108,Oxford,4,344526,0,0,0,0,36,15491340,40,15835866
2022,109,Plainfield,0,0,0,0,28,17480270,0,0,28,17480270
2022,110,Plainville,1,237384,0,0,0,0,67,39672420,68,39909804
2022,111,Plymouth,0,0,0,0,0,0,35,10707650,35,10707650
2022,112,Pomfret,0,0,0,0,0,0,9,5877600,9,5877600
2022,113,Portland,0,0,0,0,0,0,16,5574040,16,5574040
2022,114,Preston,0,0,0,0,0,0,1,8500,1,8500
2022,115,Prospect,0,0,0,0,7,1468690,12,4898730,19,6367420
2022,116,Putnam,3,316260,0,0,0,0,38,33217960,41,33534220
2022,117,Redding,0,0,0,0,0,0,0,0,0,0
2022,118,Ridgefield,0,0,0,0,0,0,11,70422120,11,70422120
2022,119,Rocky Hill,0,0,0,0,0,0,12,8941040,12,8941040
2022,120,Roxbury,0,0,0,0,0,0,0,0,0,0
2022,121,Salem,0,0,0,0,1,278920,4,1232080,5,1511000
2022,122,Salisbury,0,0,0,0,0,0,1,1972250,1,1972250
2022,123,Scotland,0,0,0,0,0,0,1,336640,1,336640
2022,124,Seymour,0,0,0,0,0,0,19,30815840,19,30815840
2022,125,Sharon,0,0,0,0,0,0,0,0,0,0
2022,126,Shelton,0,0,0,0,0,0,45,58046070,45,58046070
2022,127,Sherman,0,0,0,0,0,0,0,0,0,0
2022,128,Simsbury,0,0,0,0,0,0,11,10942747,11,10942747
2022,129,Somers,0,0,0,0,0,0,10,1916610,10,1916610
2022,130,Southbury,0,0,0,0,0,0,7,466250,7,466250
2022,131,Southington,9,4285378,0,0,0,0,93,87092545,102,91377923
2022,132,South Windsor,0,0,0,0,0,0,88,92331590,88,92331590
2022,133,Sprague,2,1162718,0,0,3,4831131.69,3,1737768.31,8,7731618
2022,134,Stafford,0,0,0,0,0,0,21,31681310,21,31681310
2022,135,Stamford,5,12547250,0,0,0,0,70,77000300,75,89547550
2022,136,Sterling,0,0,0,0,0,0,10,1823490,10,1823490
2022,137,Stonington,0,0,0,0,0,0,25,13001750,25,13001750
2022,138,Stratford,0,0,0,0,0,0,66,266394480,66,266394480
2022,139,Suffield,1,9335,0,0,0,0,17,27687100,18,27696435
2022,140,Thomaston,0,0,0,0,0,0,38,362798500,38,362798500
2022,141,Thompson,1,1525680,0,0,0,0,14,7604960,15,9130640
2022,142,Tolland,0,0,0,0,0,0,17,3369150,17,3369150
2022,143,Torrington,1,34080,0,0,0,0,65,49686000,66,49720080
2022,144,Trumbull,0,0,0,0,0,0,21,17283610,21,17283610
2022,145,Union,0,0,0,0,0,0,0,0,0,0
2022,146,Vernon,0,0,0,0,11,1987462,9,1823378,20,3810840
2022,147,Voluntown,0,0,0,0,0,0,1,274400,1,274400
2022,148,Wallingford,0,0,0,0,0,0,111,163468480,111,163468480
2022,149,Warren,0,0,0,0,0,0,1,34030,1,34030
2022,150,Washington,0,0,0,0,0,0,0,0,0,0
2022,151,Waterbury,4,785578,0,0,0,0,127,116930460,131,117716038
2022,152,Waterford,0,0,0,0,5,623030,6,3887570,11,4510600
2022,153,Watertown,0,0,0,0,0,0,61,64688280,61,64688280
2022,154,Westbrook,0,0,0,0,0,0,10,53002390,10,53002390
2022,155,West Hartford,0,0,0,0,0,0,37,25183750,37,25183750
2022,156,West Haven,0,0,0,0,0,0,34,22687400,34,22687400
2022,157,Weston,0,0,0,0,0,0,0,0,0,0
2022,158,Westport,0,0,0,0,0,0,4,126670,4,126670
2022,159,Wethersfield,0,0,0,0,0,0,14,1585630,14,1585630
2022,160,Willington,0,0,0,0,0,0,4,1939580,4,1939580
2022,161,Wilton,0,0,0,0,0,0,4,175786880,4,175786880
2022,162,Winchester,0,0,0,0,0,0,33,27658390,33,27658390
2022,163,Windham,0,0,0,0,0,0,20,25703780,20,25703780
2022,164,Windsor,2,11232655,0,0,0,0,60,67431589,62,78664244
2022,165,Windsor Locks,0,0,0,0,0,0,19,165693880,19,165693880
2022,166,Wolcott,0,0,0,0,0,0,34,14336660,34,14336660
2022,167,Woodbridge,0,0,0,0,0,0,7,861020,7,861020
2022,168,Woodbury,0,0,0,0,0,0,6,7986090,6,7986090
2022,169,Woodstock,0,0,0,0,0,0,7,7906910,7,7906910
2022,,Connecticut,134,86367540,0,0,146,61514354.69,3785,5427288651,4065,5575170546
2021,1,Andover,0,0,0,0,3,445886,0,0,3,445886
2021,2,Ansonia,1,449100,0,0,12,954760,15,5329410,28,6733270
2021,3,Ashford,0,0,0,0,0,0,7,550330,7,550330
2021,4,Avon,0,0,0,0,0,0,10,21684280,10,21684280
2021,5,Barkhamsted,0,0,0,0,7,1980150,9,1764030,16,3744180
2021,6,Beacon Falls,20,12696532,0,0,0,0,0,0,20,12696532
2021,7,Berlin,0,0,0,0,0,0,98,109084080,98,109084080
2021,8,Bethany,0,0,0,0,0,0,7,3554570,7,3554570
2021,9,Bethel,0,0,0,0,0,0,35,22445850,35,22445850
2021,10,Bethlehem,0,0,0,0,0,0,0,0,0,0
2021,11,Bloomfield,0,0,0,0,0,0,77,138603680,77,138603680
2021,12,Bolton,0,0,0,0,0,0,6,2777850,6,2777850
2021,13,Bozrah,0,0,0,0,0,0,0,0,0,0
2021,14,Branford,0,0,0,0,0,0,52,38056031,52,38056031
2021,15,Bridgeport,24,18438924,0,0,0,0,97,43081520,121,61520444
2021,16,Bridgewater,0,0,0,0,0,0,1,5400,1,5400
2021,17,Bristol,14,1154682,0,0,141,188698515,141,188698515,296,378551712
2021,18,Brookfield,0,0,0,0,0,0,34,18677910,34,18677910
2021,19,Brooklyn,0,0,0,0,0,0,11,795210,11,795210
2021,20,Burlington,0,0,0,0,0,0,3,358600,3,358600
2021,21,Canaan,0,0,0,0,0,0,3,1635260,3,1635260
2021,22,Canterbury,0,0,0,0,0,0,2,363150,2,363150
2021,23,Canton,0,0,0,0,0,0,0,0,0,0
2021,24,Chaplin,0,0,0,0,0,0,2,42710,2,42710
2021,25,Cheshire,0,0,0,0,0,0,49,50478370,49,50478370
2021,26,Chester,0,0,0,0,0,0,13,13805950,13,13805950
2021,27,Clinton,0,0,0,0,0,0,0,0,0,0
2021,28,Colchester,0,0,0,0,8,315190,13,5405190,21,5720380
2021,29,Colebrook,0,0,0,0,0,0,1,416440,1,416440
2021,30,Columbia,0,0,0,0,0,0,12,5576380,12,5576380
2021,31,Cornwall,0,0,0,0,0,0,0,0,0,0
2021,32,Coventry,0,0,0,0,4,282913,4,936421,8,1219334
2021,33,Cromwell,0,0,0,0,10,1108850,12,10518750,22,11627600
2021,34,Danbury,0,0,0,0,0,0,82,186995201,82,186995201
2021,35,Darien,0,0,0,0,0,0,2,883543,2,883543
2021,36,Deep River,0,0,0,0,0,0,23,13256680,23,13256680
2021,37,Derby,1,373661,0,0,0,0,9,2307819,10,2681480
2021,38,Durham,0,0,0,0,0,0,23,21894680,23,21894680
2021,39,Eastford,0,0,0,0,0,0,12,14292390,12,14292390
2021,40,East Granby,2,238242,0,0,19,16219663,34,61192000,55,77649905
2021,41,East Haddam,0,0,0,0,1,38040,1,55260,2,93300
2021,42,East Hampton,0,0,0,0,7,4214730,0,0,7,4214730
2021,43,East Hartford,1,286850,0,0,0,0,59,369359030,60,369645880
2021,44,East Haven,0,0,0,0,0,0,27,4834360,27,4834360
2021,45,East Lyme,0,0,0,0,0,0,8,1645720,8,1645720
2021,46,Easton,0,0,0,0,0,0,0,0,0,0
2021,47,East Windsor,0,0,0,0,0,0,39,26007730,39,26007730
2021,48,Ellington,0,0,0,0,0,0,16,18255560,16,18255560
2021,49,Enfield,0,0,0,0,0,0,28,29938740,28,29938740
2021,50,Essex,0,0,0,0,0,0,22,22939550,22,22939550
2021,51,Fairfield,0,0,0,0,0,0,14,17484250,14,17484250
2021,52,Farmington,0,0,0,0,0,0,52,61014610,52,61014610
2021,53,Franklin,0,0,0,0,0,0,6,3082230,6,3082230
2021,54,Glastonbury,0,0,0,0,0,0,30,202403000,30,202403000
2021,55,Goshen,0,0,0,0,0,0,6,2597130,6,2597130
2021,56,Granby,0,0,0,0,0,0,4,1396470,4,1396470
2021,57,Greenwich,0,0,0,0,0,0,3,37271870,3,37271870
2021,58,Griswold,0,0,0,0,0,0,2,3693170,2,3693170
2021,59,Groton,2,849500,0,0,0,0,51,164795420,53,165644920
2021,60,Guilford,0,0,0,0,0,0,23,20276670,23,20276670
2021,61,Haddam,0,0,0,0,0,0,0,0,0,0
2021,62,Hamden,0,0,0,0,0,0,65,21463790,65,21463790
2021,63,Hampton,0,0,0,0,0,0,0,0,0,0
2021,64,Hartford,0,0,0,0,0,0,55,22053000,55,22053000
2021,65,Hartland,0,0,0,0,0,0,0,0,0,0
2021,66,Harwinton,0,0,0,0,0,0,6,1289480,6,1289480
2021,67,Hebron,0,0,0,0,0,0,2,9890,2,9890
2021,68,Kent,0,0,0,0,0,0,1,249190,1,249190
2021,69,Killingly,2,592601,0,0,0,0,30,68947940,32,69540541
2021,70,Killingworth,0,0,0,0,0,0,0,0,0,0
2021,71,Lebanon,0,0,0,0,0,0,1,3370960,1,3370960
2021,72,Ledyard,0,0,0,0,0,0,4,10402927,4,10402927
2021,73,Lisbon,0,0,0,0,1,9030,0,0,1,9030
2021,74,Litchfield,0,0,0,0,2,39910,4,1074290,6,1114200
2021,75,Lyme,0,0,0,0,0,0,0,0,0,0
2021,76,Madison,0,0,0,0,0,0,3,388130,3,388130
2021,77,Manchester,0,0,0,0,0,0,111,111246220,111,111246220
2021,78,Mansfield,0,0,0,0,0,0,2,784220,2,784220
2021,79,Marlborough,0,0,0,0,0,0,6,770720,6,770720
2021,80,Meriden,0,0,0,0,0,0,67,84069150,67,84069150
2021,81,Middlebury,0,0,0,0,5,421172,5,863888,10,1285060
2021,82,Middlefield,0,0,0,0,0,0,13,14193290,13,14193290
2021,83,Middletown,0,0,0,0,0,0,51,248328540,51,248328540
2021,84,Milford,0,0,0,0,0,0,126,117291319,126,117291319
2021,85,Monroe,0,0,0,0,0,0,26,21033940,26,21033940
2021,86,Montville,0,0,0,0,0,0,15,39172440,15,39172440
2021,87,Morris,0,0,0,0,0,0,4,1614880,4,1614880
2021,88,Naugatuck,7,14102054,0,0,0,0,39,31528870,46,45630924
2021,89,New Britain,10,216720,0,0,0,0,85,127066680,95,127283400
2021,90,New Canaan,0,0,0,0,0,0,1,8500,1,8500
2021,91,New Fairfield,0,0,0,0,0,0,3,42480,3,42480
2021,92,New Hartford,0,0,0,0,0,0,15,10471590,15,10471590
2021,93,New Haven,4,2613403,0,0,0,0,56,77541640,60,80155043
2021,94,Newington,0,0,0,0,0,0,80,85529920,80,85529920
2021,95,New London,1,521456,1,521456,0,0,0,0,2,1042912
2021,96,New Milford,0,0,0,0,0,0,44,73448320,44,73448320
2021,97,Newtown,0,0,0,0,0,0,22,24175480,22,24175480
2021,98,Norfolk,0,0,0,0,0,0,2,715630,2,715630
2021,99,North Branford,0,0,0,0,0,0,20,24670471,20,24670471
2021,100,North Canaan,0,0,0,0,0,0,12,65876170,12,65876170
2021,101,North Haven,0,0,0,0,0,0,47,86814780,47,86814780
2021,102,North Stonington,0,0,0,0,0,0,4,1580850,4,1580850
2021,103,Norwalk,0,0,0,0,0,0,0,0,0,0
2021,104,Norwich Town,1,1282472,0,0,0,0,23,11702540,24,12985012
2021,105,Old Lyme,0,0,0,0,0,0,1,117740,1,117740
2021,106,Old Saybrook,0,0,0,0,0,0,16,2860150,16,2860150
2021,107,Orange,0,0,0,0,0,0,26,22416680,26,22416680
2021,108,Oxford,3,755805,41,17512250,0,0,0,0,44,18268055
2021,109,Plainfield,1,3356240,0,0,0,0,30,15034780,31,18391020
2021,110,Plainville,2,324912,0,0,0,0,72,33461080,74,33785992
2021,111,Plymouth,0,0,0,0,0,0,32,9555560,32,9555560
2021,112,Pomfret,0,0,0,0,0,0,9,6405390,9,6405390
2021,113,Portland,0,0,0,0,0,0,18,5921280,18,5921280
2021,114,Preston,0,0,0,0,0,0,0,0,0,0
2021,115,Prospect,0,0,0,0,0,0,11,6025740,11,6025740
2021,116,Putnam,4,2322380,0,0,0,0,39,30703920,43,33026300
2021,117,Redding,0,0,0,0,0,0,0,0,0,0
2021,118,Ridgefield,0,0,0,0,0,0,11,66514560,11,66514560
2021,119,Rocky Hill,0,0,0,0,0,0,13,10818970,13,10818970
2021,120,Roxbury,0,0,0,0,0,0,0,0,0,0
2021,121,Salem,0,0,0,0,1,278920,3,937060,4,1215980
2021,122,Salisbury,0,0,0,0,0,0,1,1963670,1,1963670
2021,123,Scotland,0,0,0,0,2,227593,1,146609,3,374202
2021,124,Seymour,0,0,0,0,0,0,19,30579830,19,30579830
2021,125,Sharon,0,0,0,0,0,0,0,0,0,0
2021,126,Shelton,0,0,0,0,0,0,46,56645610,46,56645610
2021,127,Sherman,0,0,0,0,0,0,0,0,0,0
2021,128,Simsbury,0,0,0,0,0,0,10,7176400,10,7176400
2021,129,Somers,0,0,0,0,0,0,12,2124340,12,2124340
2021,130,Southbury,0,0,0,0,0,0,8,462460,8,462460
2021,131,Southington,7,4197254,0,0,0,0,91,79599173,98,83796427
2021,132,South Windsor,0,0,0,0,0,0,89,115946586,89,115946586
2021,133,Sprague,1,1215548,0,0,5,3014836,5,3884144,11,8114528
2021,134,Stafford,0,0,0,0,0,0,21,30813530,21,30813530
2021,135,Stamford,6,13648620,0,0,0,0,74,73548190,80,87196810
2021,136,Sterling,0,0,0,0,0,0,10,1660620,10,1660620
2021,137,Stonington,0,0,0,0,0,0,20,11582130,20,11582130
2021,138,Stratford,0,0,0,0,0,0,62,239007000,62,239007000
2021,139,Suffield,1,10500,0,0,0,0,12,23097480,13,23107980
2021,140,Thomaston,0,0,0,0,0,0,31,333672270,31,333672270
2021,141,Thompson,1,698086,0,0,0,0,13,6685710,14,7383796
2021,142,Tolland,0,0,0,0,0,0,21,2925620,21,2925620
2021,143,Torrington,2,72900,0,0,66,49710500,0,0,68,49783400
2021,144,Trumbull,0,0,0,0,0,0,24,18075380,24,18075380
2021,145,Union,0,0,0,0,0,0,0,0,0,0
2021,146,Vernon,0,0,0,0,8,1394561,12,2340719,20,3735280
2021,147,Voluntown,0,0,0,0,0,0,1,105420,1,105420
2021,148,Wallingford,0,0,0,0,0,0,111,157049740,111,157049740
2021,149,Warren,0,0,0,0,1,6420,1,34030,2,40450
2021,150,Washington,0,0,0,0,0,0,0,0,0,0
2021,151,Waterbury,5,534350,0,0,0,0,132,118994520,137,119528870
2021,152,Waterford,0,0,0,0,3,259610,5,1009160,8,1268770
2021,153,Watertown,0,0,0,0,0,0,58,61822140,58,61822140
2021,154,Westbrook,0,0,0,0,0,0,10,54091810,10,54091810
2021,155,West Hartford,0,0,0,0,39,24530410,0,0,39,24530410
2021,156,West Haven,0,0,0,0,0,0,30,17245250,30,17245250
2021,157,Weston,0,0,0,0,0,0,0,0,0,0
2021,158,Westport,0,0,0,0,0,0,2,55498,2,55498
2021,159,Wethersfield,0,0,0,0,0,0,14,1930020,14,1930020
2021,160,Willington,0,0,0,0,4,1948520,0,0,4,1948520
2021,161,Wilton,0,0,0,0,0,0,4,157028610,4,157028610
2021,162,Winchester,0,0,0,0,0,0,31,29576298,31,29576298
2021,163,Windham,0,0,0,0,0,0,23,33384540,23,33384540
2021,164,Windsor,1,3856886,0,0,0,0,62,72262417,63,76119303
2021,165,Windsor Locks,2,1422064,0,0,0,0,20,1723865350,22,1725287414
2021,166,Wolcott,0,0,0,0,0,0,37,14443960,37,14443960
2021,167,Woodbridge,0,0,0,0,0,0,11,2283710,11,2283710
2021,168,Woodbury,0,0,0,0,0,0,7,5325380,7,5325380
2021,169,Woodstock,0,0,0,0,0,0,8,6418310,8,6418310
2021,,Connecticut,126,86231742,42,18033706,349,296100179,3770,7071947639,4287,7472313266
2020,1,Andover,0,0,0,0,2,401960,0,0,2,401960
2020,2,Ansonia,1,477000,0,0,11,821340,15,5664120,27,6962460
2020,3,Ashford,0,0,0,0,6,214130,4,384950,10,599080
2020,4,Avon,0,0,0,0,0,0,12,21202650,12,21202650
2020,5,Barkhamsted,0,0,0,0,0,0,10,3862180,10,3862180
2020,6,Beacon Falls,0,0,0,0,0,0,23,4695671,23,4695671
2020,7,Berlin,0,0,0,0,0,0,0,1171336200,0,1171336200
2020,8,Bethany,0,0,0,0,7,1631580,8,1424670,15,3056250
2020,9,Bethel,0,0,0,0,28,11070010,32,25478680,60,36548690
2020,10,Bethlehem,0,0,0,0,0,0,0,0,0,0
2020,11,Bloomfield,1,23060,0,0,0,0,76,145341890,77,145364950
2020,12,Bolton,0,0,0,0,0,0,6,2765240,6,2765240
2020,13,Bozrah,0,0,0,0,0,0,0,0,0,0
2020,14,Branford,0,0,0,0,0,0,55,39114570,55,39114570
2020,15,Bridgeport,17,2401404,0,0,0,0,94,41164736,111,43566140
2020,16,Bridgewater,0,0,0,0,2,134720,0,0,2,134720
2020,17,Bristol,15,1262133,0,0,0,0,146,210050949,161,211313082
2020,18,Brookfield,0,0,0,0,0,0,35,15439520,35,15439520
2020,19,Brooklyn,0,0,0,0,0,0,9,794860,9,794860
2020,20,Burlington,0,0,0,0,0,0,4,387660,4,387660
2020,21,Canaan,0,0,3,1030040,0,0,0,0,3,1030040
2020,22,Canterbury,0,0,0,0,0,0,3,451620,3,451620
2020,23,Canton,0,0,0,0,0,0,0,0,0,0
2020,24,Chaplin,0,0,0,0,0,0,2,45100,2,45100
2020,25,Cheshire,0,0,0,0,0,0,50,45110550,50,45110550
2020,26,Chester,0,0,0,0,0,0,13,11420100,13,11420100
2020,27,Clinton,0,0,0,0,17,4080950,0,0,17,4080950
2020,28,Colchester,0,0,0,0,9,331330,9,4375710,18,4707040
2020,29,Colebrook,0,0,0,0,0,0,1,333590,1,333590
2020,30,Columbia,0,0,0,0,0,0,13,6102560,13,6102560
2020,31,Cornwall,0,0,0,0,0,0,0,0,0,0
2020,32,Coventry,0,0,0,0,6,284876,6,904970,12,1189846
2020,33,Cromwell,0,0,0,0,11,1072950,14,10627550,25,11700500
2020,34,Danbury,0,0,0,0,0,0,82,187491532,82,187491532
2020,35,Darien,0,0,0,0,0,0,3,1607650,3,1607650
2020,36,Deep River,0,0,0,0,0,0,28,15234210,28,15234210
2020,37,Derby,1,662682,0,0,0,0,8,2158689,9,2821371
2020,38,Durham,0,0,0,0,0,0,24,19312620,24,19312620
2020,39,Eastford,0,0,0,0,0,0,12,15839270,12,15839270
2020,40,East Granby,2,271112,0,0,22,18826569,33,51567989,57,70665670
2020,41,East Haddam,0,0,0,0,1,27076,1,160774,2,187850
2020,42,East Hampton,0,0,0,0,0,0,0,0,0,0
2020,43,East Hartford,57,366971860,0,0,0,0,0,0,57,366971860
2020,44,East Haven,0,0,0,0,0,0,27,4465110,27,4465110
2020,45,East Lyme,0,0,0,0,0,0,8,1737780,8,1737780
2020,46,Easton,0,0,0,0,0,0,0,0,0,0
2020,47,East Windsor,0,0,0,0,0,0,42,31319630,42,31319630
2020,48,Ellington,0,0,0,0,0,0,19,21761830,19,21761830
2020,49,Enfield,0,0,0,0,0,0,37,36205110,37,36205110
2020,50,Essex,0,0,0,0,0,0,21,20479270,21,20479270
2020,51,Fairfield,0,0,0,0,16,16987190,0,0,16,16987190
2020,52,Farmington,0,0,0,0,0,0,54,63321480,54,63321480
2020,53,Franklin,0,0,0,0,2,752600,2,1237390,4,1989990
2020,54,Glastonbury,0,0,0,0,0,0,30,18725780,30,18725780
2020,55,Goshen,0,0,0,0,0,0,5,2394090,5,2394090
2020,56,Granby,0,0,0,0,0,0,4,1326570,4,1326570
2020,57,Greenwich,0,0,0,0,0,0,2,33115150,2,33115150
2020,58,Griswold,0,0,0,0,0,0,3,3771390,3,3771390
2020,59,Groton,2,1008406,0,0,0,0,61,170269980,63,171278386
2020,60,Guilford,0,0,0,0,0,0,24,17032580,24,17032580
2020,61,Haddam,0,0,0,0,0,0,0,0,0,0
2020,62,Hamden,0,0,0,0,0,0,54,18487420,54,18487420
2020,63,Hampton,0,0,0,0,0,0,1,2870,1,2870
2020,64,Hartford,0,0,0,0,0,0,59,27698490,59,27698490
2020,65,Hartland,0,0,0,0,0,0,0,0,0,0
2020,66,Harwinton,0,0,0,0,0,0,6,1260000,6,1260000
2020,67,Hebron,0,0,0,0,0,0,1,7830,1,7830
2020,68,Kent,0,0,0,0,0,0,1,155400,1,155400
2020,69,Killingly,0,0,0,0,0,0,35,79670458,35,79670458
2020,70,Killingworth,0,0,0,0,0,0,0,0,0,0
2020,71,Lebanon,0,0,0,0,0,0,0,0,0,0
2020,72,Ledyard,0,0,0,0,0,0,4,10462176,4,10462176
2020,73,Lisbon,0,0,0,0,0,0,1,9030,1,9030
2020,74,Litchfield,0,0,0,0,0,0,7,1128040,7,1128040
2020,75,Lyme,0,0,0,0,0,0,0,0,0,0
2020,76,Madison,0,0,0,0,0,0,3,306700,3,306700
2020,77,Manchester,0,0,0,0,0,0,109,122294230,109,122294230
2020,78,Mansfield,0,0,0,0,0,0,2,877220,2,877220
2020,79,Marlborough,0,0,0,0,0,0,7,548180,7,548180
2020,80,Meriden,3,2826975,0,0,0,0,69,80617235,72,83444210
2020,81,Middlebury,0,0,0,0,4,521785,6,834075,10,1355860
2020,82,Middlefield,0,0,0,0,0,0,10,14116040,10,14116040
2020,83,Middletown,1,1731912,0,0,0,0,51,224014760,52,225746672
2020,84,Milford,0,0,0,0,0,0,128,113169823,128,113169823
2020,85,Monroe,0,0,0,0,0,0,27,20535700,27,20535700
2020,86,Montville,0,0,0,0,0,0,14,37480700,14,37480700
2020,87,Morris,0,0,0,0,0,0,4,659830,4,659830
2020,88,Naugatuck,6,279899,0,0,0,0,49,37545470,55,37825369
2020,89,New Britain,12,422964,0,0,0,0,87,129108160,99,129531124
2020,90,New Canaan,0,0,0,0,0,0,1,8220,1,8220
2020,91,New Fairfield,0,0,0,0,0,0,3,51120,3,51120
2020,92,New Hartford,0,0,0,0,16,10610910,0,0,16,10610910
2020,93,New Haven,5,2575180,0,0,0,0,70,75708238,75,78283418
2020,94,Newington,0,0,0,0,0,0,75,91951820,75,91951820
2020,95,New London,1,467352,0,0,0,0,15,3707810,16,4175162
2020,96,New Milford,0,0,0,0,35,32212203,39,44480417,74,76692620
2020,97,Newtown,0,0,0,0,0,0,24,26444270,24,26444270
2020,98,Norfolk,0,0,0,0,0,0,2,737540,2,737540
2020,99,North Branford,0,0,0,0,0,0,0,0,0,0
2020,100,North Canaan,0,0,0,0,0,0,12,66567970,12,66567970
2020,101,North Haven,0,0,0,0,0,0,45,128355160,45,128355160
2020,102,North Stonington,0,0,0,0,0,0,3,1592590,3,1592590
2020,103,Norwalk,0,0,0,0,0,0,49,15615835,49,15615835
2020,104,Norwich Town,1,127880,0,0,0,0,22,9160870,23,9288750
2020,105,Old Lyme,0,0,0,0,0,0,1,109400,1,109400
2020,106,Old Saybrook,0,0,0,0,0,0,0,0,0,0
2020,107,Orange,0,0,0,0,0,0,26,21650530,26,21650530
2020,108,Oxford,5,609648,41,14141762,0,0,0,0,46,14751410
2020,109,Plainfield,1,2739344,0,0,0,0,31,18292270,32,21031614
2020,110,Plainville,6,2501020,0,0,0,0,73,31066500,79,33567520
2020,111,Plymouth,0,0,0,0,0,0,31,8401980,31,8401980
2020,112,Pomfret,0,0,0,0,0,0,9,5212720,9,5212720
2020,113,Portland,0,0,0,0,0,0,19,5757890,19,5757890
2020,114,Preston,0,0,0,0,0,0,0,0,0,0
2020,115,Prospect,0,0,0,0,0,0,13,5556250,13,5556250
2020,116,Putnam,2,165730,0,0,0,0,36,29700260,38,29865990
2020,117,Redding,0,0,0,0,0,0,0,0,0,0
2020,118,Ridgefield,0,0,0,0,0,0,10,66224850,10,66224850
2020,119,Rocky Hill,0,0,0,0,14,9435060,0,0,14,9435060
2020,120,Roxbury,0,0,0,0,0,0,2,214140,2,214140
2020,121,Salem,0,0,0,0,1,278920,2,708020,3,986940
2020,122,Salisbury,0,0,0,0,0,0,1,14559200,1,14559200
2020,123,Scotland,0,0,0,0,2,255570,1,188550,3,444120
2020,124,Seymour,0,0,0,0,0,0,19,28201900,19,28201900
2020,125,Sharon,0,0,0,0,0,0,0,0,0,0
2020,126,Shelton,0,0,0,0,0,0,46,56542220,46,56542220
2020,127,Sherman,0,0,0,0,0,0,0,0,0,0
2020,128,Simsbury,0,0,0,0,9,9154770,1,158760,10,9313530
2020,129,Somers,11,2053200,0,0,0,0,0,0,11,2053200
2020,130,Southbury,0,0,0,0,0,0,8,506200,8,506200
2020,131,Southington,6,2905136,0,0,0,0,89,76958669,95,79863805
2020,132,South Windsor,0,0,0,0,0,0,96,107350720,96,107350720
2020,133,Sprague,0,0,0,0,5,4563777,5,2291918,10,6855695
2020,134,Stafford,0,0,0,0,0,0,22,30047330,22,30047330
2020,135,Stamford,7,6203160,0,0,0,0,72,65500806,79,71703966
2020,136,Sterling,2,107517,0,0,0,0,10,1577513,12,1685030
2020,137,Stonington,0,0,0,0,0,0,21,12533159,21,12533159
2020,138,Stratford,0,0,0,0,0,0,65,226141030,65,226141030
2020,139,Suffield,0,0,0,0,0,0,13,20803070,13,20803070
2020,140,Thomaston,0,0,0,0,0,0,36,315859700,36,315859700
2020,141,Thompson,1,1281000,0,0,0,0,15,8949660,16,10230660
2020,142,Tolland,0,0,0,0,0,0,18,2958430,18,2958430
2020,143,Torrington,3,595270,0,0,64,54567020,0,0,67,55162290
2020,144,Trumbull,0,0,0,0,0,0,24,18789190,24,18789190
2020,145,Union,0,0,0,0,0,0,0,0,0,0
2020,146,Vernon,0,0,0,0,14,1534199,0,2407281,14,3941480
2020,147,Voluntown,0,0,0,0,0,0,1,107520,1,107520
2020,148,Wallingford,0,0,0,0,0,0,113,156368340,113,156368340
2020,149,Warren,0,0,0,0,0,0,2,40960,2,40960
2020,150,Washington,0,0,0,0,0,0,0,0,0,0
2020,151,Waterbury,7,1567280,0,0,0,0,134,114069750,141,115637030
2020,152,Waterford,0,0,0,0,4,568350,5,3773220,9,4341570
2020,153,Watertown,0,0,0,0,0,0,61,66406220,61,66406220
2020,154,Westbrook,0,0,0,0,0,0,9,55480570,9,55480570
2020,155,West Hartford,0,0,0,0,0,0,39,29877370,39,29877370
2020,156,West Haven,0,0,0,0,0,0,34,3892410,34,3892410
2020,157,Weston,0,0,0,0,0,0,0,0,0,0
2020,158,Westport,0,0,0,0,0,0,4,138670,4,138670
2020,159,Wethersfield,0,0,0,0,0,0,16,1490980,16,1490980
2020,160,Willington,0,0,0,0,5,1158302,5,1189726,10,2348028
2020,161,Wilton,0,0,0,0,0,0,4,119922170,4,119922170
2020,162,Winchester,0,475748,0,0,0,0,37,33229562,37,33705310
2020,163,Windham,0,0,0,0,0,0,23,32862120,23,32862120
2020,164,Windsor,4,11915333,0,0,0,0,64,80209874,68,92125207
2020,165,Windsor Locks,2,598312,0,0,0,0,22,155624670,24,156222982
2020,166,Wolcott,0,0,0,0,0,0,37,147897900,37,147897900
2020,167,Woodbridge,0,0,0,0,0,0,13,2518930,13,2518930
2020,168,Woodbury,0,0,0,0,0,0,7,5453060,7,5453060
2020,169,Woodstock,0,0,0,0,0,0,7,6239670,7,6239670
2020,,Connecticut,182,415227517,44,15171802,313,181498147,3717,6076401675,4256,6688299141
