year,town_code,town_name,cgs_12_81_60_mm_e_in_distressed_enterprise_or_airport_zone_taxpayers_with_approved_claims,cgs_12_81_60_mm_e_in_distressed_enterprise_or_airport_zone_amount_of_approved_exemptions,cgs_12_81_70_mm_e_as_technological_upgrade_taxpayers_with_approved_claims,cgs_12_81_70_mm_e_as_technological_upgrade_amount_of_approved_exemptions,cgs_12_81_72_mm_e_assessed_prior_to_10_1_2011_taxpayers_with_approved_claims,cgs_12_81_72_mm_e_assessed_prior_to_10_1_2011_amount_of_approved_exemptions,cgs_12_81_76_mm_e_assessed_after_10_1_2011_taxpayers_with_approved_claims,cgs_12_81_76_mm_e_assessed_after_10_1_2011_amount_of_approved_exemptions,totals_taxpayer,totals_assessment
2024,1.0,Andover,0,0,0,0,0,0.0,4,961550.0,4,961550.0
2024,2.0,Ansonia,0,0,0,0,2,67760.0,15,6443270.0,17,6511030.0
2024,3.0,Ashford,0,0,0,0,0,0.0,7,585770.0,7,585770.0
2024,4.0,Avon,0,0,0,0,0,0.0,11,19816320.0,11,19816320.0
2024,5.0,Barkhamsted,0,0,0,0,7,1268410.0,8,2745970.0,15,4014380.0
2024,6.0,Beacon Falls,0,0,0,0,0,0.0,18,11239370.0,18,11239370.0
2024,7.0,Berlin,0,0,0,0,0,0.0,98,924650600.0,98,924650600.0
2024,8.0,Bethany,0,0,0,0,0,0.0,7,4001350.0,7,4001350.0
2024,9.0,Bethel,0,0,0,0,0,0.0,34,41014350.0,34,41014350.0
2024,10.0,Bethlehem,0,0,0,0,0,0.0,0,0.0,0,0.0
2024,11.0,Bloomfield,0,0,0,0,0,0.0,80,164239287.0,80,164239287.0
2024,12.0,Bolton,0,0,0,0,0,0.0,6,3750201.0,6,3750201.0
2024,13.0,Bozrah,0,0,0,0,0,0.0,11,16173970.0,11,16173970.0
2024,14.0,Branford,0,0,0,0,0,0.0,48,48646848.0,48,48646848.0
2024,15.0,Bridgeport,51,3980728,0,0,0,0.0,92,59296196.0,143,63276924.0
2024,16.0,Bridgewater,0,0,0,0,0,0.0,1,3200.0,1,3200.0
2024,17.0,Bristol,131,163578034,0,0,0,0.0,6,884086.0,137,164462120.0
2024,18.0,Brookfield,0,0,0,0,0,0.0,33,20809280.0,33,20809280.0
2024,19.0,Brooklyn,0,0,0,0,0,0.0,11,941980.0,11,941980.0
2024,20.0,Burlington,0,0,0,0,0,0.0,2,478190.0,2,478190.0
2024,21.0,Canaan,0,0,0,0,0,0.0,2,2656570.0,2,2656570.0
2024,22.0,Canterbury,0,0,0,0,0,0.0,2,744740.0,2,744740.0
2024,23.0,Canton,0,0,0,0,1,39300.0,5,1006700.0,6,1046000.0
2024,24.0,Chaplin,0,0,0,0,0,0.0,2,36090.0,2,36090.0
2024,25.0,Cheshire,0,0,0,0,0,0.0,47,59486260.0,47,59486260.0
2024,26.0,Chester,0,0,0,0,0,0.0,10,8489900.0,10,8489900.0
2024,27.0,Clinton,0,0,0,0,0,0.0,15,5024510.0,15,5024510.0
2024,28.0,Colchester,0,0,0,0,7,314290.0,13,5117030.0,20,5431320.0
2024,29.0,Colebrook,0,0,0,0,0,0.0,2,378090.0,2,378090.0
2024,30.0,Columbia,0,0,0,0,0,0.0,11,7341070.0,11,7341070.0
2024,31.0,Cornwall,0,0,0,0,0,0.0,0,0.0,0,0.0
2024,32.0,Coventry,0,0,0,0,3,66276.0,5,1079259.0,8,1145535.0
2024,33.0,Cromwell,0,0,0,0,6,1378770.0,11,7036030.0,17,8414800.0
2024,34.0,Danbury,0,0,0,0,0,0.0,85,206188178.0,85,206188178.0
2024,35.0,Darien,0,0,0,0,0,0.0,2,920996.0,2,920996.0
2024,36.0,Deep River,0,0,0,0,0,0.0,18,12958250.0,18,12958250.0
2024,37.0,Derby,0,0,0,0,0,0.0,8,1542360.0,8,1542360.0
2024,38.0,Durham,0,0,0,0,0,0.0,18,21394930.0,18,21394930.0
2024,39.0,Eastford,0,0,0,0,0,0.0,11,10220620.0,11,10220620.0
2024,40.0,East Granby,0,0,0,0,0,0.0,26,22176890.0,26,22176890.0
2024,41.0,East Haddam,0,0,0,0,0,0.0,1,129440.0,1,129440.0
2024,42.0,East Hampton,0,0,0,0,0,0.0,5,4180740.0,5,4180740.0
2024,43.0,East Hartford,1,570952,0,0,0,0.0,54,369970380.0,55,370541332.0
2024,44.0,East Haven,0,0,0,0,0,0.0,23,9912820.0,23,9912820.0
2024,45.0,East Lyme,0,0,0,0,0,0.0,8,1830310.0,8,1830310.0
2024,46.0,Easton,0,0,0,0,0,0.0,0,0.0,0,0.0
2024,47.0,East Windsor,0,0,0,0,0,0.0,24,24366260.0,24,24366260.0
2024,48.0,Ellington,0,0,0,0,0,0.0,21,23508510.0,21,23508510.0
2024,49.0,Enfield,0,0,0,0,0,0.0,25,31154150.0,25,31154150.0
2024,50.0,Essex,0,0,0,0,0,0.0,22,26266010.0,22,26266010.0
2024,51.0,Fairfield,0,0,0,0,0,0.0,13,12685430.0,13,12685430.0
2024,52.0,Farmington,0,0,0,0,0,0.0,48,58939800.0,48,58939800.0
2024,53.0,Franklin,0,0,0,0,0,0.0,7,2509150.0,7,2509150.0
2024,54.0,Glastonbury,0,0,0,0,0,0.0,32,15782610.0,32,15782610.0
2024,55.0,Goshen,0,0,0,0,0,0.0,4,3367340.0,4,3367340.0
2024,56.0,Granby,0,0,0,0,0,0.0,2,1627240.0,2,1627240.0
2024,57.0,Greenwich,0,0,0,0,0,0.0,1,43044370.0,1,43044370.0
2024,58.0,Griswold,0,0,0,0,0,0.0,2,4560390.0,2,4560390.0
2024,59.0,Groton,0,0,0,0,0,0.0,58,238685790.0,58,238685790.0
2024,60.0,Guilford,0,0,0,0,0,0.0,18,12118780.0,18,12118780.0
2024,61.0,Haddam,0,0,0,0,0,0.0,0,0.0,0,0.0
2024,62.0,Hamden,0,0,0,0,0,0.0,57,24240480.0,57,24240480.0
2024,63.0,Hampton,0,0,0,0,0,0.0,0,0.0,0,0.0
2024,64.0,Hartford,0,0,0,0,0,0.0,50,15897358.0,50,15897358.0
2024,65.0,Hartland,0,0,0,0,0,0.0,0,0.0,0,0.0
2024,66.0,Harwinton,0,0,0,0,0,0.0,5,1157460.0,5,1157460.0
2024,67.0,Hebron,0,0,0,0,0,0.0,0,0.0,0,0.0
2024,68.0,Kent,0,0,0,0,0,0.0,1,190230.0,1,190230.0
2024,69.0,Killingly,0,0,0,0,0,0.0,34,77543340.0,34,77543340.0
2024,70.0,Killingworth,0,0,0,0,0,0.0,0,0.0,0,0.0
2024,71.0,Lebanon,0,0,0,0,0,0.0,2,7230990.0,2,7230990.0
2024,72.0,Ledyard,0,0,0,0,0,0.0,5,12866262.0,5,12866262.0
2024,73.0,Lisbon,0,0,0,0,0,0.0,25400,25400.0,25400,25400.0
2024,74.0,Litchfield,0,0,0,0,1,4500.0,7,1196400.0,8,1200900.0
2024,75.0,Lyme,0,0,0,0,0,0.0,0,0.0,0,0.0
2024,76.0,Madison,0,0,0,0,0,0.0,2,123820.0,2,123820.0
2024,77.0,Manchester,0,0,0,0,0,0.0,104,119937580.0,104,119937580.0
2024,78.0,Mansfield,0,0,0,0,1,51550.0,2,1075990.0,3,1127540.0
2024,79.0,Marlborough,0,0,0,0,0,0.0,6,979830.0,6,979830.0
2024,80.0,Meriden,0,0,0,0,0,0.0,63,63735400.0,63,63735400.0
2024,81.0,Middlebury,0,0,0,0,3,559345.0,7,1189662.0,10,1749007.0
2024,82.0,Middlefield,0,0,0,0,0,0.0,17,21819430.0,17,21819430.0
2024,83.0,Middletown,0,0,0,0,0,0.0,47,292392330.0,47,292392330.0
2024,84.0,Milford,0,0,0,0,0,0.0,107,118524322.0,107,118524322.0
2024,85.0,Monroe,0,0,0,0,0,0.0,21,28564650.0,21,28564650.0
2024,86.0,Montville,0,0,0,0,0,0.0,12,42399840.0,12,42399840.0
2024,87.0,Morris,0,0,0,0,0,0.0,2,1721800.0,2,1721800.0
2024,88.0,Naugatuck,6,2952952,0,0,0,0.0,47,47673145.0,53,50626097.0
2024,89.0,New Britain,3,289644,0,0,0,0.0,94,153547880.0,97,153837524.0
2024,90.0,New Canaan,0,0,0,0,0,0.0,1,8859.0,1,8859.0
2024,91.0,New Fairfield,0,0,0,0,1,51027.0,3,77848.0,4,128875.0
2024,92.0,New Hartford,0,0,0,0,0,0.0,16,10564235.0,16,10564235.0
2024,93.0,New Haven,3,1380304,0,0,0,0.0,62,107959110.0,65,109339414.0
2024,94.0,Newington,0,0,0,0,0,0.0,73,88329850.0,73,88329850.0
2024,95.0,New London,0,0,0,0,0,0.0,12,4954950.0,12,4954950.0
2024,96.0,New Milford,0,0,0,0,0,0.0,38,74108060.0,38,74108060.0
2024,97.0,Newtown,0,0,0,0,0,0.0,19,23362370.0,19,23362370.0
2024,98.0,Norfolk,0,0,0,0,0,0.0,2,854160.0,2,854160.0
2024,99.0,North Branford,0,0,0,0,0,0.0,27,32558218.0,27,32558218.0
2024,100.0,North Canaan,0,0,0,0,0,0.0,11,57241950.0,11,57241950.0
2024,101.0,North Haven,0,0,0,0,0,0.0,42,191044130.0,42,191044130.0
2024,102.0,North Stonington,0,0,0,0,0,0.0,4,1434360.0,4,1434360.0
2024,103.0,Norwalk,0,0,0,0,0,0.0,45,14483100.0,45,14483100.0
2024,104.0,Norwich Town,1,4311200,0,0,0,0.0,17,13530510.0,18,17841710.0
2024,105.0,Old Lyme,0,0,0,0,0,0.0,1,102900.0,1,102900.0
2024,106.0,Old Saybrook,0,0,0,0,0,0.0,13,2635070.0,13,2635070.0
2024,107.0,Orange,0,0,0,0,0,0.0,22,19589970.0,22,19589970.0
2024,108.0,Oxford,3,113434,0,0,0,0.0,31,18698680.0,34,18812114.0
2024,109.0,Plainfield,0,0,0,0,0,0.0,29,17970230.0,29,17970230.0
2024,110.0,Plainville,0,0,0,0,0,0.0,68,47733490.0,68,47733490.0
2024,111.0,Plymouth,2,329664,0,0,9,266670.0,27,11645190.0,38,12241524.0
2024,112.0,Pomfret,0,0,0,0,0,0.0,9,7600800.0,9,7600800.0
2024,113.0,Portland,0,0,0,0,0,0.0,21,6177600.0,21,6177600.0
2024,114.0,Preston,0,0,0,0,0,0.0,2,79820.0,2,79820.0
2024,115.0,Prospect,0,0,0,0,0,0.0,13,7797190.0,13,7797190.0
2024,116.0,Putnam,4,139388,0,0,0,0.0,34,31880380.0,38,32019768.0
2024,117.0,Redding,0,0,0,0,0,0.0,0,0.0,0,0.0
2024,118.0,Ridgefield,0,0,0,0,0,0.0,8,91462580.0,8,91462580.0
2024,119.0,Rocky Hill,0,0,0,0,0,0.0,13,10595410.0,13,10595410.0
2024,120.0,Roxbury,0,0,0,0,0,0.0,1,168660.0,1,168660.0
2024,121.0,Salem,0,0,0,0,3,482255.0,7,1464685.0,10,1946940.0
2024,122.0,Salisbury,0,0,0,0,0,0.0,1,2571440.0,1,2571440.0
2024,123.0,Scotland,0,0,0,0,0,0.0,1,359780.0,1,359780.0
2024,124.0,Seymour,0,0,0,0,12,3694323.88,18,34882501.15,30,38576825.03
2024,125.0,Sharon,0,0,0,0,0,0.0,0,0.0,0,0.0
2024,126.0,Shelton,0,0,0,0,0,0.0,49,65464660.0,49,65464660.0
2024,127.0,Sherman,0,0,0,0,0,0.0,0,0.0,0,0.0
2024,128.0,Simsbury,0,0,0,0,0,0.0,12,14524650.0,12,14524650.0
2024,129.0,Somers,0,0,0,0,0,0.0,9,2003770.0,9,2003770.0
2024,130.0,Southbury,0,0,8,751580,0,0.0,0,0.0,8,751580.0
2024,131.0,Southington,5,1343188,0,0,0,0.0,88,77741103.0,93,79084291.0
2024,132.0,South Windsor,0,0,0,0,0,0.0,83,96367270.0,83,96367270.0
2024,133.0,Sprague,2,1092316,0,0,3,4831140.0,4,2061740.0,9,7985196.0
2024,134.0,Stafford,0,0,0,0,0,0.0,20,34883410.0,20,34883410.0
2024,135.0,Stamford,3,17629406,0,0,0,0.0,64,37826890.0,67,55456296.0
2024,136.0,Sterling,0,0,0,0,0,0.0,8,1761870.0,8,1761870.0
2024,137.0,Stonington,0,0,0,0,0,0.0,23,13286090.0,23,13286090.0
2024,138.0,Stratford,0,0,0,0,0,0.0,50,64906350.0,50,64906350.0
2024,139.0,Suffield,1,7000,0,0,0,0.0,17,30112500.0,18,30119500.0
2024,140.0,Thomaston,2,87300,0,0,0,0.0,36,40274270.0,38,40361570.0
2024,141.0,Thompson,0,0,0,0,0,0.0,13,7483450.0,13,7483450.0
2024,142.0,Tolland,0,0,0,0,0,0.0,15,2154610.0,15,2154610.0
2024,143.0,Torrington,1,1176,0,0,0,0.0,54,66625540.0,55,66626716.0
2024,144.0,Trumbull,0,0,0,0,0,0.0,20,17775250.0,20,17775250.0
2024,145.0,Union,0,0,0,0,0,0.0,0,0.0,0,0.0
2024,146.0,Vernon,0,0,0,0,0,0.0,13,2690530.0,13,2690530.0
2024,147.0,Voluntown,0,0,0,0,0,0.0,1,240800.0,1,240800.0
2024,148.0,Wallingford,0,0,0,0,0,0.0,155,33900380.0,155,33900380.0
2024,149.0,Warren,0,0,0,0,1,5700.0,1,34030.0,2,39730.0
2024,150.0,Washington,0,0,0,0,0,0.0,0,0.0,0,0.0
2024,151.0,Waterbury,4,727599,0,0,0,0.0,125,117551740.0,129,118279339.0
2024,152.0,Waterford,0,0,0,0,5,570930.0,5,4337790.0,10,4908720.0
2024,153.0,Watertown,0,0,0,0,0,0.0,56,64869320.0,56,64869320.0
2024,154.0,Westbrook,0,0,0,0,0,0.0,9,62721490.0,9,62721490.0
2024,155.0,West Hartford,0,0,0,0,0,0.0,34,24454330.0,34,24454330.0
2024,156.0,West Haven,0,0,0,0,0,0.0,36,29927350.0,36,29927350.0
2024,157.0,Weston,0,0,0,0,0,0.0,0,0.0,0,0.0
2024,158.0,Westport,0,0,0,0,0,0.0,4,76020.0,4,76020.0
2024,159.0,Wethersfield,0,0,0,0,6,396638.0,15,1567412.0,21,1964050.0
2024,160.0,Willington,0,0,0,0,0,0.0,5,2476720.0,5,2476720.0
2024,161.0,Wilton,0,0,0,0,0,0.0,6,223909300.0,6,223909300.0
2024,162.0,Winchester,0,0,0,0,0,0.0,32,24101609.0,32,24101609.0
2024,163.0,Windham,0,0,0,0,0,0.0,20,26763930.0,20,26763930.0
2024,164.0,Windsor,0,0,0,0,0,0.0,56,80712950.0,56,80712950.0
2024,165.0,Windsor Locks,0,0,0,0,0,0.0,21,177077400.0,21,177077400.0
2024,166.0,Wolcott,0,0,0,0,0,0.0,34,14051540.0,34,14051540.0
2024,167.0,Woodbridge,0,0,0,0,0,0.0,10,1644250.0,10,1644250.0
2024,168.0,Woodbury,0,0,0,0,3,81150.0,4,7733110.0,7,7814260.0
2024,169.0,Woodstock,0,0,0,0,0,0.0,7,6599670.0,7,6599670.0
2024,85.0,Connecticut,223,198534285,8,751580,74,14130034.88,29150,6035776560.0,29455,6249192460.0
2023,1.0,Andover,0,0,0,0,0,0.0,4,956360.0,4,956360.0
2023,2.0,Ansonia,0,0,0,0,10,891830.0,13,5243550.0,23,6135380.0
2023,3.0,Ashford,0,0,0,0,0,0.0,5,564320.0,5,564320.0
2023,4.0,Avon,0,0,0,0,0,0.0,12,20636720.0,12,20636720.0
2023,5.0,Barkhamsted,0,0,0,0,7,1268400.0,11,2953260.0,18,4221660.0
2023,6.0,Beacon Falls,0,0,0,0,0,0.0,19,11659210.0,19,11659210.0
2023,7.0,Berlin,0,0,0,0,83,111473160.0,0,0.0,83,111473160.0
2023,8.0,Bethany,0,0,0,0,0,0.0,8,534240.0,8,534240.0
2023,9.0,Bethel,0,0,0,0,0,0.0,32,42094090.0,32,42094090.0
2023,10.0,Bethlehem,0,0,0,0,0,0.0,0,0.0,0,0.0
2023,11.0,Bloomfield,0,0,0,0,0,0.0,74,137814400.0,74,137814400.0
2023,12.0,Bolton,0,0,0,0,0,0.0,5,2517190.0,5,2517190.0
2023,13.0,Bozrah,0,0,0,0,0,0.0,13,16637610.0,13,16637610.0
2023,14.0,Branford,0,0,0,0,0,0.0,53,34284230.0,53,34284230.0
2023,15.0,Bridgeport,57,6103956,0,0,0,0.0,92,53977220.0,149,60081176.0
2023,16.0,Bridgewater,0,0,0,0,0,0.0,0,0.0,0,0.0
2023,17.0,Bristol,130,173072359,0,0,0,0.0,6,712730.0,136,173785089.0
2023,18.0,Brookfield,0,0,0,0,0,0.0,33,21846310.0,33,21846310.0
2023,19.0,Brooklyn,0,0,0,0,0,0.0,11,959810.0,11,959810.0
2023,20.0,Burlington,0,0,0,0,0,0.0,3,406090.0,3,406090.0
2023,21.0,Canaan,0,0,0,0,0,0.0,3,2208630.0,3,2208630.0
2023,22.0,Canterbury,0,0,0,0,0,0.0,4,637700.0,4,637700.0
2023,23.0,Canton,0,0,0,0,5,105974.0,6,766326.0,11,872300.0
2023,24.0,Chaplin,0,0,0,0,0,0.0,3,43440.0,3,43440.0
2023,25.0,Cheshire,0,0,0,0,0,0.0,51,56755650.0,51,56755650.0
2023,26.0,Chester,0,0,0,0,0,0.0,9,8958320.0,9,8958320.0
2023,27.0,Clinton,0,0,0,0,0,0.0,18,4914450.0,18,4914450.0
2023,28.0,Colchester,0,0,0,0,7,314290.0,14,5265080.0,21,5579370.0
2023,29.0,Colebrook,0,0,0,0,0,0.0,2,372670.0,2,372670.0
2023,30.0,Columbia,0,0,0,0,0,0.0,11,7799740.0,11,7799740.0
2023,31.0,Cornwall,0,0,0,0,0,0.0,0,0.0,0,0.0
2023,32.0,Coventry,0,0,0,0,3,66276.0,5,1036157.0,8,1102433.0
2023,33.0,Cromwell,0,0,0,0,7,1329160.0,11,7986070.0,18,9315230.0
2023,34.0,Danbury,0,0,0,0,0,0.0,87,199642320.0,87,199642320.0
2023,35.0,Darien,0,0,0,0,0,0.0,2,897235.0,2,897235.0
2023,36.0,Deep River,0,0,0,0,0,0.0,21,11354490.0,21,11354490.0
2023,37.0,Derby,0,0,0,0,0,0.0,10,1399010.0,10,1399010.0
2023,38.0,Durham,0,0,0,0,0,0.0,22,22299300.0,22,22299300.0
2023,39.0,Eastford,0,0,0,0,0,0.0,11,11796530.0,11,11796530.0
2023,40.0,East Granby,0,0,0,0,0,0.0,33,60395580.0,33,60395580.0
2023,41.0,East Haddam,0,0,0,0,0,0.0,1,139780.0,1,139780.0
2023,42.0,East Hampton,0,0,0,0,0,0.0,6,4523300.0,6,4523300.0
2023,43.0,East Hartford,1,436570,0,0,0,0.0,56,369010620.0,57,369447190.0
2023,44.0,East Haven,0,0,0,0,0,0.0,22,7217090.0,22,7217090.0
2023,45.0,East Lyme,0,0,0,0,0,0.0,9,1826824.0,9,1826824.0
2023,46.0,Easton,0,0,0,0,0,0.0,0,0.0,0,0.0
2023,47.0,East Windsor,0,0,0,0,0,0.0,29,22454820.0,29,22454820.0
2023,48.0,Ellington,0,0,0,0,0,0.0,19,21241980.0,19,21241980.0
2023,49.0,Enfield,0,0,0,0,0,0.0,21,29619670.0,21,29619670.0
2023,50.0,Essex,0,0,0,0,0,0.0,22,26462490.0,22,26462490.0
2023,51.0,Fairfield,0,0,0,0,0,0.0,14,19816810.0,14,19816810.0
2023,52.0,Farmington,0,0,0,0,0,0.0,49,71338860.0,49,71338860.0
2023,53.0,Franklin,0,0,0,0,0,0.0,5,2575340.0,5,2575340.0
2023,54.0,Glastonbury,0,0,0,0,32,21271360.0,0,0.0,32,21271360.0
2023,55.0,Goshen,0,0,0,0,0,0.0,5,3263740.0,5,3263740.0
2023,56.0,Granby,0,0,0,0,0,0.0,2,1552670.0,2,1552670.0
2023,57.0,Greenwich,0,0,0,0,0,0.0,3,36980940.0,3,36980940.0
2023,58.0,Griswold,0,0,0,0,0,0.0,2,4508150.0,2,4508150.0
2023,59.0,Groton,0,0,0,0,0,0.0,51,200650480.0,51,200650480.0
2023,60.0,Guilford,0,0,0,0,0,0.0,19,8068860.0,19,8068860.0
2023,61.0,Haddam,0,0,0,0,0,0.0,0,0.0,0,0.0
2023,62.0,Hamden,0,0,0,0,0,0.0,59,24122530.0,59,24122530.0
2023,63.0,Hampton,0,0,0,0,0,0.0,0,0.0,0,0.0
2023,64.0,Hartford,0,0,0,0,0,0.0,58,23959393.0,58,23959393.0
2023,65.0,Hartland,0,0,0,0,0,0.0,0,0.0,0,0.0
2023,66.0,Harwinton,0,0,0,0,0,0.0,5,1110260.0,5,1110260.0
2023,67.0,Hebron,0,0,0,0,1,7830.0,0,0.0,1,7830.0
2023,68.0,Kent,0,0,0,0,0,0.0,1,209610.0,1,209610.0
2023,69.0,Killingly,0,0,0,0,0,0.0,34,72138010.0,34,72138010.0
2023,70.0,Killingworth,0,0,0,0,0,0.0,0,0.0,0,0.0
2023,71.0,Lebanon,0,0,0,0,0,0.0,1,7108850.0,1,7108850.0
2023,72.0,Ledyard,0,0,0,0,0,0.0,5,10827991.0,5,10827991.0
2023,73.0,Lisbon,0,0,0,0,0,0.0,0,0.0,0,0.0
2023,74.0,Litchfield,0,0,0,0,0,0.0,6,1425120.0,6,1425120.0
2023,75.0,Lyme,0,0,0,0,0,0.0,0,0.0,0,0.0
2023,76.0,Madison,0,0,0,0,0,0.0,3,208280.0,3,208280.0
2023,77.0,Manchester,0,0,0,0,0,0.0,91,119773640.0,91,119773640.0
2023,78.0,Mansfield,0,0,0,0,0,0.0,4,1189060.0,4,1189060.0
2023,79.0,Marlborough,0,0,0,0,0,0.0,7,963717.0,7,963717.0
2023,80.0,Meriden,0,0,0,0,0,0.0,66,65394550.0,66,65394550.0
2023,81.0,Middlebury,0,0,0,0,0,0.0,6,1513930.0,6,1513930.0
2023,82.0,Middlefield,0,0,0,0,0,0.0,15,16439490.0,15,16439490.0
2023,83.0,Middletown,0,0,0,0,0,0.0,49,292246860.0,49,292246860.0
2023,84.0,Milford,0,0,0,0,0,0.0,111,135304786.0,111,135304786.0
2023,85.0,Monroe,0,0,0,0,0,0.0,19,20822710.0,19,20822710.0
2023,86.0,Montville,0,0,0,0,0,0.0,10,42414880.0,10,42414880.0
2023,87.0,Morris,0,0,0,0,0,0.0,2,2301788.0,2,2301788.0
2023,88.0,Naugatuck,6,3781826,0,0,0,0.0,41,40585530.0,47,44367356.0
2023,89.0,New Britain,4,175400,0,0,0,0.0,88,135623540.0,92,135798940.0
2023,90.0,New Canaan,0,0,0,0,0,0.0,1,9220.0,1,9220.0
2023,91.0,New Fairfield,0,0,0,0,2,57737.0,2,96048.0,4,153785.0
2023,92.0,New Hartford,0,0,0,0,0,0.0,16,10551360.0,16,10551360.0
2023,93.0,New Haven,4,12311090,0,0,0,0.0,65,88521970.0,69,100833060.0
2023,94.0,Newington,0,0,0,0,0,0.0,69,93315790.0,69,93315790.0
2023,95.0,New London,0,0,0,0,0,0.0,10,3504010.0,10,3504010.0
2023,96.0,New Milford,0,0,0,0,0,0.0,37,73411660.0,37,73411660.0
2023,97.0,Newtown,0,0,0,0,0,0.0,24,26775760.0,24,26775760.0
2023,98.0,Norfolk,0,0,0,0,0,0.0,3,905060.0,3,905060.0
2023,99.0,North Branford,0,0,0,0,0,0.0,24,28399991.0,24,28399991.0
2023,100.0,North Canaan,0,0,0,0,0,0.0,11,64476030.0,11,64476030.0
2023,101.0,North Haven,0,0,0,0,0,0.0,47,1536757400.0,47,1536757400.0
2023,102.0,North Stonington,0,0,0,0,0,0.0,5,1564310.0,5,1564310.0
2023,103.0,Norwalk,0,0,0,0,0,0.0,47,15302991.0,47,15302991.0
2023,104.0,Norwich Town,1,2257980,0,0,0,0.0,18,11339610.0,19,13597590.0
2023,105.0,Old Lyme,0,0,0,0,0,0.0,2,109980.0,2,109980.0
2023,106.0,Old Saybrook,0,0,14,2106620,0,0.0,0,0.0,14,2106620.0
2023,107.0,Orange,0,0,0,0,0,0.0,23,21308760.0,23,21308760.0
2023,108.0,Oxford,4,373764,0,0,0,0.0,33,18051510.0,37,18425274.0
2023,109.0,Plainfield,2,4936102,0,0,0,0.0,28,17663060.0,30,22599162.0
2023,110.0,Plainville,0,0,0,0,0,0.0,66,44207420.0,66,44207420.0
2023,111.0,Plymouth,0,0,0,0,0,0.0,35,10880080.0,35,10880080.0
2023,112.0,Pomfret,0,0,0,0,0,0.0,9,5295940.0,9,5295940.0
2023,113.0,Portland,0,0,0,0,0,0.0,22,5893390.0,22,5893390.0
2023,114.0,Preston,0,0,0,0,0,0.0,2,182840.0,2,182840.0
2023,115.0,Prospect,0,0,0,0,0,0.0,14,7499100.0,14,7499100.0
2023,116.0,Putnam,4,85965,0,0,0,0.0,38,35142380.0,42,35228345.0
2023,117.0,Redding,0,0,0,0,0,0.0,0,0.0,0,0.0
2023,118.0,Ridgefield,0,0,0,0,0,0.0,12,90169920.0,12,90169920.0
2023,119.0,Rocky Hill,0,0,0,0,0,0.0,12,8574560.0,12,8574560.0
2023,120.0,Roxbury,0,0,0,0,0,0.0,1,129910.0,1,129910.0
2023,121.0,Salem,0,0,0,0,1,278920.0,5,1527500.0,6,1806420.0
2023,122.0,Salisbury,0,0,0,0,0,0.0,1,2285090.0,1,2285090.0
2023,123.0,Scotland,0,0,0,0,0,0.0,1,353650.0,1,353650.0
2023,124.0,Seymour,0,0,0,0,10,3524030.0,17,26625830.0,27,30149860.0
2023,125.0,Sharon,0,0,0,0,0,0.0,0,0.0,0,0.0
2023,126.0,Shelton,0,0,0,0,0,0.0,47,63667070.0,47,63667070.0
2023,127.0,Sherman,0,0,0,0,0,0.0,0,0.0,0,0.0
2023,128.0,Simsbury,0,0,0,0,0,0.0,11,15907970.0,11,15907970.0
2023,129.0,Somers,0,0,0,0,0,0.0,9,1981450.0,9,1981450.0
2023,130.0,Southbury,0,0,7,533970,0,0.0,0,0.0,7,533970.0
2023,131.0,Southington,8,4122547,0,0,0,0.0,92,84860847.0,100,88983394.0
2023,132.0,South Windsor,0,0,0,0,0,0.0,85,103592310.0,85,103592310.0
2023,133.0,Sprague,2,1111061,0,0,3,4831131.69,4,1881798.31,9,7823991.0
2023,134.0,Stafford,0,0,0,0,0,0.0,22,32881780.0,22,32881780.0
2023,135.0,Stamford,4,18882228,0,0,0,0.0,65,42793960.0,69,61676188.0
2023,136.0,Sterling,0,0,0,0,0,0.0,9,1744230.0,9,1744230.0
2023,137.0,Stonington,0,0,0,0,0,0.0,23,8841260.0,23,8841260.0
2023,138.0,Stratford,0,0,0,0,0,0.0,62,273607271.0,62,273607271.0
2023,139.0,Suffield,1,8170,0,0,0,0.0,18,27465940.0,19,27474110.0
2023,140.0,Thomaston,0,0,0,0,0,0.0,35,37732200.0,35,37732200.0
2023,141.0,Thompson,1,1525680,0,0,0,0.0,14,7576060.0,15,9101740.0
2023,142.0,Tolland,0,0,0,0,0,0.0,17,2845940.0,17,2845940.0
2023,143.0,Torrington,2,9520,0,0,0,0.0,64,5201280.0,66,5210800.0
2023,144.0,Trumbull,0,0,0,0,0,0.0,18,14991331.0,18,14991331.0
2023,145.0,Union,0,0,0,0,0,0.0,0,0.0,0,0.0
2023,146.0,Vernon,0,0,0,0,0,0.0,11,3671840.0,11,3671840.0
2023,147.0,Voluntown,0,0,0,0,0,0.0,1,262500.0,1,262500.0
2023,148.0,Wallingford,0,0,0,0,0,0.0,110,175780600.0,110,175780600.0
2023,149.0,Warren,0,0,0,0,1,6690.0,1,34030.0,2,40720.0
2023,150.0,Washington,0,0,0,0,0,0.0,0,0.0,0,0.0
2023,151.0,Waterbury,4,796754,0,0,0,0.0,127,125195351.0,131,125992105.0
2023,152.0,Waterford,0,0,0,0,4,547088.0,6,3927142.0,10,4474230.0
2023,153.0,Watertown,0,0,58,66879460,0,0.0,0,0.0,58,66879460.0
2023,154.0,Westbrook,0,0,0,0,0,0.0,11,58858320.0,11,58858320.0
2023,155.0,West Hartford,0,0,0,0,0,0.0,37,24603331.0,37,24603331.0
2023,156.0,West Haven,0,0,0,0,0,0.0,33,24711630.0,33,24711630.0
2023,157.0,Weston,0,0,0,0,0,0.0,0,0.0,0,0.0
2023,158.0,Westport,0,0,0,0,0,0.0,3,59830.0,3,59830.0
2023,159.0,Wethersfield,0,0,0,0,0,0.0,16,1753300.0,16,1753300.0
2023,160.0,Willington,0,0,0,0,0,0.0,4,1831670.0,4,1831670.0
2023,161.0,Wilton,0,0,0,0,0,0.0,5,207803410.0,5,207803410.0
2023,162.0,Winchester,0,0,0,0,0,0.0,33,27781670.0,33,27781670.0
2023,163.0,Windham,0,0,0,0,0,0.0,22,26571050.0,22,26571050.0
2023,164.0,Windsor,0,0,0,0,0,0.0,57,78624470.0,57,78624470.0
2023,165.0,Windsor Locks,0,0,0,0,0,0.0,19,166359640.0,19,166359640.0
2023,166.0,Wolcott,0,0,0,0,0,0.0,35,13428050.0,35,13428050.0
2023,167.0,Woodbridge,0,0,0,0,9,2235770.0,0,0.0,9,2235770.0
2023,168.0,Woodbury,0,0,0,0,0,0.0,6,8280550.0,6,8280550.0
2023,169.0,Woodstock,0,0,0,0,0,0.0,7,7480680.0,7,7480680.0
2023,85.0,Connecticut,235,229990972,79,69520050,185,148209646.7,3572,6540686878.0,4071,6988407547.0
2022,1.0,Andover,0,0,0,0,0,0.0,4,568000.0,4,568000.0
2022,2.0,Ansonia,0,0,0,0,11,1033270.0,16,5210056.0,27,6243326.0
2022,3.0,Ashford,0,0,0,0,0,0.0,6,485750.0,6,485750.0
2022,4.0,Avon,12,21483900,0,0,0,0.0,0,0.0,12,21483900.0
2022,5.0,Barkhamsted,0,0,0,0,7,1270860.0,10,2278430.0,17,3549290.0
2022,6.0,Beacon Falls,0,0,0,0,0,0.0,19,12088990.0,19,12088990.0
2022,7.0,Berlin,0,0,0,0,0,0.0,91,121165020.0,91,121165020.0
2022,8.0,Bethany,0,0,0,0,3,50490.0,6,2947190.0,9,2997680.0
2022,9.0,Bethel,0,0,0,0,0,0.0,32,42446440.0,32,42446440.0
2022,10.0,Bethlehem,0,0,0,0,0,0.0,0,0.0,0,0.0
2022,11.0,Bloomfield,0,0,0,0,0,0.0,76,128880460.0,76,128880460.0
2022,12.0,Bolton,0,0,0,0,0,0.0,5,2651930.0,5,2651930.0
2022,13.0,Bozrah,0,0,0,0,0,0.0,0,0.0,0,0.0
2022,14.0,Branford,0,0,0,0,0,0.0,59,38094750.0,59,38094750.0
2022,15.0,Bridgeport,56,4909094,0,0,0,0.0,91,48323410.0,147,53232504.0
2022,16.0,Bridgewater,0,0,0,0,0,0.0,1,4350.0,1,4350.0
2022,17.0,Bristol,10,646930,0,0,0,0.0,134,185033378.0,144,185680308.0
2022,18.0,Brookfield,0,0,0,0,0,0.0,29,15305950.0,29,15305950.0
2022,19.0,Brooklyn,0,0,0,0,0,0.0,8,934560.0,8,934560.0
2022,20.0,Burlington,0,0,0,0,0,0.0,3,406070.0,3,406070.0
2022,21.0,Canaan,0,0,0,0,0,0.0,3,1816690.0,3,1816690.0
2022,22.0,Canterbury,0,0,0,0,0,0.0,5,511070.0,5,511070.0
2022,23.0,Canton,0,0,0,0,0,0.0,8,864840.0,8,864840.0
2022,24.0,Chaplin,0,0,0,0,0,0.0,3,46680.0,3,46680.0
2022,25.0,Cheshire,0,0,0,0,0,0.0,49,51923310.0,49,51923310.0
2022,26.0,Chester,0,0,0,0,0,0.0,12,11149810.0,12,11149810.0
2022,27.0,Clinton,0,0,0,0,0,0.0,19,4486220.0,19,4486220.0
2022,28.0,Colchester,0,0,0,0,8,315190.0,16,5501690.0,24,5816880.0
2022,29.0,Colebrook,0,0,0,0,0,0.0,2,375210.0,2,375210.0
2022,30.0,Columbia,0,0,0,0,0,0.0,10,6048930.0,10,6048930.0
2022,31.0,Cornwall,0,0,0,0,0,0.0,0,0.0,0,0.0
2022,32.0,Coventry,0,0,0,0,2,41130.0,3,331280.0,5,372410.0
2022,33.0,Cromwell,0,0,0,0,11,1111970.0,14,10529030.0,25,11641000.0
2022,34.0,Danbury,0,0,0,0,0,0.0,0,0.0,0,0.0
2022,35.0,Darien,0,0,0,0,0,0.0,2,642480.0,2,642480.0
2022,36.0,Deep River,0,0,0,0,19,3859200.0,10,8519930.0,29,12379130.0
2022,37.0,Derby,1,323238,0,0,0,0.0,9,1406815.0,10,1730053.0
2022,38.0,Durham,0,0,0,0,0,0.0,20,22282760.0,20,22282760.0
2022,39.0,Eastford,0,0,0,0,0,0.0,11,13467460.0,11,13467460.0
2022,40.0,East Granby,0,0,0,0,0,0.0,35,66553090.0,35,66553090.0
2022,41.0,East Haddam,0,0,0,0,1,49680.0,1,32940.0,2,82620.0
2022,42.0,East Hampton,0,0,0,0,6,4062370.0,0,0.0,6,4062370.0
2022,43.0,East Hartford,1,4918740,0,0,0,0.0,54,351057210.0,55,355975950.0
2022,44.0,East Haven,0,0,0,0,0,0.0,20,6562620.0,20,6562620.0
2022,45.0,East Lyme,0,0,0,0,0,0.0,8,1587720.0,8,1587720.0
2022,46.0,Easton,0,0,0,0,0,0.0,0,0.0,0,0.0
2022,47.0,East Windsor,0,0,0,0,0,0.0,34,26572620.0,34,26572620.0
2022,48.0,Ellington,0,0,0,0,18,22406190.0,0,0.0,18,22406190.0
2022,49.0,Enfield,0,0,0,0,0,0.0,29,30269470.0,29,30269470.0
2022,50.0,Essex,0,0,0,0,0,0.0,22,25810380.0,22,25810380.0
2022,51.0,Fairfield,0,0,0,0,0,0.0,14,18438250.0,14,18438250.0
2022,52.0,Farmington,0,0,0,0,0,0.0,45,54304690.0,45,54304690.0
2022,53.0,Franklin,0,0,0,0,0,0.0,5,2313670.0,5,2313670.0
2022,54.0,Glastonbury,0,0,0,0,0,0.0,28,20311750.0,28,20311750.0
2022,55.0,Goshen,0,0,0,0,0,0.0,4,2739250.0,4,2739250.0
2022,56.0,Granby,0,0,0,0,0,0.0,2,1342420.0,2,1342420.0
2022,57.0,Greenwich,0,0,0,0,0,0.0,5,35673340.0,5,35673340.0
2022,58.0,Griswold,0,0,0,0,0,0.0,2,4117290.0,2,4117290.0
2022,59.0,Groton,0,0,0,0,0,0.0,53,184018310.0,53,184018310.0
2022,60.0,Guilford,0,0,0,0,0,0.0,19,19698210.0,19,19698210.0
2022,61.0,Haddam,0,0,0,0,0,0.0,0,0.0,0,0.0
2022,62.0,Hamden,0,0,0,0,0,0.0,55,21548390.0,55,21548390.0
2022,63.0,Hampton,0,0,0,0,0,0.0,0,0.0,0,0.0
2022,64.0,Hartford,0,0,0,0,0,0.0,57,23991020.0,57,23991020.0
2022,65.0,Hartland,0,0,0,0,0,0.0,0,0.0,0,0.0
2022,66.0,Harwinton,0,0,0,0,0,0.0,4,1175860.0,4,1175860.0
2022,67.0,Hebron,0,0,0,0,0,0.0,0,0.0,0,0.0
2022,68.0,Kent,0,0,0,0,0,0.0,1,232670.0,1,232670.0
2022,69.0,Killingly,0,0,0,0,0,0.0,33,74614430.0,33,74614430.0
2022,70.0,Killingworth,0,0,0,0,0,0.0,0,0.0,0,0.0
2022,71.0,Lebanon,0,0,0,0,0,0.0,1,6507010.0,1,6507010.0
2022,72.0,Ledyard,0,0,0,0,0,0.0,4,10715586.0,4,10715586.0
2022,73.0,Lisbon,0,0,0,0,0,0.0,0,0.0,0,0.0
2022,74.0,Litchfield,0,0,0,0,0,0.0,7,1317760.0,7,1317760.0
2022,75.0,Lyme,0,0,0,0,0,0.0,0,0.0,0,0.0
2022,76.0,Madison,0,0,0,0,0,0.0,3,269440.0,3,269440.0
2022,77.0,Manchester,0,0,0,0,0,0.0,109,121548610.0,109,121548610.0
2022,78.0,Mansfield,0,0,0,0,0,0.0,3,830380.0,3,830380.0
2022,79.0,Marlborough,0,0,0,0,0,0.0,8,1101910.0,8,1101910.0
2022,80.0,Meriden,0,0,0,0,0,0.0,67,68486820.0,67,68486820.0
2022,81.0,Middlebury,0,0,0,0,3,595011.0,6,891449.0,9,1486460.0
2022,82.0,Middlefield,0,0,0,0,0,0.0,13,14059030.0,13,14059030.0
2022,83.0,Middletown,0,0,0,0,0,0.0,52,278011590.0,52,278011590.0
2022,84.0,Milford,0,0,0,0,0,0.0,114,136109682.0,114,136109682.0
2022,85.0,Monroe,0,0,0,0,0,0.0,22,19377780.0,22,19377780.0
2022,86.0,Montville,0,0,0,0,0,0.0,15,42147990.0,15,42147990.0
2022,87.0,Morris,0,0,0,0,2,49490.0,3,1578440.0,5,1627930.0
2022,88.0,Naugatuck,9,17118388,0,0,0,0.0,37,37062080.0,46,54180468.0
2022,89.0,New Britain,6,197100,0,0,0,0.0,87,126660980.0,93,126858080.0
2022,90.0,New Canaan,0,0,0,0,0,0.0,1,9520.0,1,9520.0
2022,91.0,New Fairfield,0,0,0,0,0,0.0,4,90448.0,4,90448.0
2022,92.0,New Hartford,0,0,0,0,0,0.0,15,10619520.0,15,10619520.0
2022,93.0,New Haven,3,1985906,0,0,0,0.0,68,82080810.0,71,84066716.0
2022,94.0,Newington,0,0,0,0,0,0.0,75,86887400.0,75,86887400.0
2022,95.0,New London,2,509896,0,0,0,0.0,11,3664090.0,13,4173986.0
2022,96.0,New Milford,0,0,0,0,0,0.0,40,73087860.0,40,73087860.0
2022,97.0,Newtown,0,0,0,0,0,0.0,25,24891480.0,25,24891480.0
2022,98.0,Norfolk,0,0,0,0,0,0.0,2,762470.0,2,762470.0
2022,99.0,North Branford,0,0,0,0,0,0.0,24,23291239.0,24,23291239.0
2022,100.0,North Canaan,0,0,0,0,0,0.0,12,64045820.0,12,64045820.0
2022,101.0,North Haven,0,0,0,0,0,0.0,46,133838420.0,46,133838420.0
2022,102.0,North Stonington,0,0,0,0,0,0.0,5,1264580.0,5,1264580.0
2022,103.0,Norwalk,0,0,0,0,0,0.0,38,13843991.0,38,13843991.0
2022,104.0,Norwich Town,1,1793504,0,0,0,0.0,20,10647450.0,21,12440954.0
2022,105.0,Old Lyme,0,0,0,0,0,0.0,2,114780.0,2,114780.0
2022,106.0,Old Saybrook,0,0,0,0,0,0.0,14,2307500.0,14,2307500.0
2022,107.0,Orange,0,0,0,0,0,0.0,24,20440540.0,24,20440540.0
2022,108.0,Oxford,4,344526,0,0,0,0.0,36,15491340.0,40,15835866.0
2022,109.0,Plainfield,0,0,0,0,28,17480270.0,0,0.0,28,17480270.0
2022,110.0,Plainville,1,237384,0,0,0,0.0,67,39672420.0,68,39909804.0
2022,111.0,Plymouth,0,0,0,0,0,0.0,35,10707650.0,35,10707650.0
2022,112.0,Pomfret,0,0,0,0,0,0.0,9,5877600.0,9,5877600.0
2022,113.0,Portland,0,0,0,0,0,0.0,16,5574040.0,16,5574040.0
2022,114.0,Preston,0,0,0,0,0,0.0,1,8500.0,1,8500.0
2022,115.0,Prospect,0,0,0,0,7,1468690.0,12,4898730.0,19,6367420.0
2022,116.0,Putnam,3,316260,0,0,0,0.0,38,33217960.0,41,33534220.0
2022,117.0,Redding,0,0,0,0,0,0.0,0,0.0,0,0.0
2022,118.0,Ridgefield,0,0,0,0,0,0.0,11,70422120.0,11,70422120.0
2022,119.0,Rocky Hill,0,0,0,0,0,0.0,12,8941040.0,12,8941040.0
2022,120.0,Roxbury,0,0,0,0,0,0.0,0,0.0,0,0.0
2022,121.0,Salem,0,0,0,0,1,278920.0,4,1232080.0,5,1511000.0
2022,122.0,Salisbury,0,0,0,0,0,0.0,1,1972250.0,1,1972250.0
2022,123.0,Scotland,0,0,0,0,0,0.0,1,336640.0,1,336640.0
2022,124.0,Seymour,0,0,0,0,0,0.0,19,30815840.0,19,30815840.0
2022,125.0,Sharon,0,0,0,0,0,0.0,0,0.0,0,0.0
2022,126.0,Shelton,0,0,0,0,0,0.0,45,58046070.0,45,58046070.0
2022,127.0,Sherman,0,0,0,0,0,0.0,0,0.0,0,0.0
2022,128.0,Simsbury,0,0,0,0,0,0.0,11,10942747.0,11,10942747.0
2022,129.0,Somers,0,0,0,0,0,0.0,10,1916610.0,10,1916610.0
2022,130.0,Southbury,0,0,0,0,0,0.0,7,466250.0,7,466250.0
2022,131.0,Southington,9,4285378,0,0,0,0.0,93,87092545.0,102,91377923.0
2022,132.0,South Windsor,0,0,0,0,0,0.0,88,92331590.0,88,92331590.0
2022,133.0,Sprague,2,1162718,0,0,3,4831131.69,3,1737768.31,8,7731618.0
2022,134.0,Stafford,0,0,0,0,0,0.0,21,31681310.0,21,31681310.0
2022,135.0,Stamford,5,12547250,0,0,0,0.0,70,77000300.0,75,89547550.0
2022,136.0,Sterling,0,0,0,0,0,0.0,10,1823490.0,10,1823490.0
2022,137.0,Stonington,0,0,0,0,0,0.0,25,13001750.0,25,13001750.0
2022,138.0,Stratford,0,0,0,0,0,0.0,66,266394480.0,66,266394480.0
2022,139.0,Suffield,1,9335,0,0,0,0.0,17,27687100.0,18,27696435.0
2022,140.0,Thomaston,0,0,0,0,0,0.0,38,362798500.0,38,362798500.0
2022,141.0,Thompson,1,1525680,0,0,0,0.0,14,7604960.0,15,9130640.0
2022,142.0,Tolland,0,0,0,0,0,0.0,17,3369150.0,17,3369150.0
2022,143.0,Torrington,1,34080,0,0,0,0.0,65,49686000.0,66,49720080.0
2022,144.0,Trumbull,0,0,0,0,0,0.0,21,17283610.0,21,17283610.0
2022,145.0,Union,0,0,0,0,0,0.0,0,0.0,0,0.0
2022,146.0,Vernon,0,0,0,0,11,1987462.0,9,1823378.0,20,3810840.0
2022,147.0,Voluntown,0,0,0,0,0,0.0,1,274400.0,1,274400.0
2022,148.0,Wallingford,0,0,0,0,0,0.0,111,163468480.0,111,163468480.0
2022,149.0,Warren,0,0,0,0,0,0.0,1,34030.0,1,34030.0
2022,150.0,Washington,0,0,0,0,0,0.0,0,0.0,0,0.0
2022,151.0,Waterbury,4,785578,0,0,0,0.0,127,116930460.0,131,117716038.0
2022,152.0,Waterford,0,0,0,0,5,623030.0,6,3887570.0,11,4510600.0
2022,153.0,Watertown,0,0,0,0,0,0.0,61,64688280.0,61,64688280.0
2022,154.0,Westbrook,0,0,0,0,0,0.0,10,53002390.0,10,53002390.0
2022,155.0,West Hartford,0,0,0,0,0,0.0,37,25183750.0,37,25183750.0
2022,156.0,West Haven,0,0,0,0,0,0.0,34,22687400.0,34,22687400.0
2022,157.0,Weston,0,0,0,0,0,0.0,0,0.0,0,0.0
2022,158.0,Westport,0,0,0,0,0,0.0,4,126670.0,4,126670.0
2022,159.0,Wethersfield,0,0,0,0,0,0.0,14,1585630.0,14,1585630.0
2022,160.0,Willington,0,0,0,0,0,0.0,4,1939580.0,4,1939580.0
2022,161.0,Wilton,0,0,0,0,0,0.0,4,175786880.0,4,175786880.0
2022,162.0,Winchester,0,0,0,0,0,0.0,33,27658390.0,33,27658390.0
2022,163.0,Windham,0,0,0,0,0,0.0,20,25703780.0,20,25703780.0
2022,164.0,Windsor,2,11232655,0,0,0,0.0,60,67431589.0,62,78664244.0
2022,165.0,Windsor Locks,0,0,0,0,0,0.0,19,165693880.0,19,165693880.0
2022,166.0,Wolcott,0,0,0,0,0,0.0,34,14336660.0,34,14336660.0
2022,167.0,Woodbridge,0,0,0,0,0,0.0,7,861020.0,7,861020.0
2022,168.0,Woodbury,0,0,0,0,0,0.0,6,7986090.0,6,7986090.0
2022,169.0,Woodstock,0,0,0,0,0,0.0,7,7906910.0,7,7906910.0
2022,85.0,Connecticut,134,86367540,0,0,146,61514354.69,3785,5427288651.0,4065,5575170546.0
2021,1.0,Andover,0,0,0,0,3,445886.0,0,0.0,3,445886.0
2021,2.0,Ansonia,1,449100,0,0,12,954760.0,15,5329410.0,28,6733270.0
2021,3.0,Ashford,0,0,0,0,0,0.0,7,550330.0,7,550330.0
2021,4.0,Avon,0,0,0,0,0,0.0,10,21684280.0,10,21684280.0
2021,5.0,Barkhamsted,0,0,0,0,7,1980150.0,9,1764030.0,16,3744180.0
2021,6.0,Beacon Falls,20,12696532,0,0,0,0.0,0,0.0,20,12696532.0
2021,7.0,Berlin,0,0,0,0,0,0.0,98,109084080.0,98,109084080.0
2021,8.0,Bethany,0,0,0,0,0,0.0,7,3554570.0,7,3554570.0
2021,9.0,Bethel,0,0,0,0,0,0.0,35,22445850.0,35,22445850.0
2021,10.0,Bethlehem,0,0,0,0,0,0.0,0,0.0,0,0.0
2021,11.0,Bloomfield,0,0,0,0,0,0.0,77,138603680.0,77,138603680.0
2021,12.0,Bolton,0,0,0,0,0,0.0,6,2777850.0,6,2777850.0
2021,13.0,Bozrah,0,0,0,0,0,0.0,0,0.0,0,0.0
2021,14.0,Branford,0,0,0,0,0,0.0,52,38056031.0,52,38056031.0
2021,15.0,Bridgeport,24,18438924,0,0,0,0.0,97,43081520.0,121,61520444.0
2021,16.0,Bridgewater,0,0,0,0,0,0.0,1,5400.0,1,5400.0
2021,17.0,Bristol,14,1154682,0,0,141,188698515.0,141,188698515.0,296,378551712.0
2021,18.0,Brookfield,0,0,0,0,0,0.0,34,18677910.0,34,18677910.0
2021,19.0,Brooklyn,0,0,0,0,0,0.0,11,795210.0,11,795210.0
2021,20.0,Burlington,0,0,0,0,0,0.0,3,358600.0,3,358600.0
2021,21.0,Canaan,0,0,0,0,0,0.0,3,1635260.0,3,1635260.0
2021,22.0,Canterbury,0,0,0,0,0,0.0,2,363150.0,2,363150.0
2021,23.0,Canton,0,0,0,0,0,0.0,0,0.0,0,0.0
2021,24.0,Chaplin,0,0,0,0,0,0.0,2,42710.0,2,42710.0
2021,25.0,Cheshire,0,0,0,0,0,0.0,49,50478370.0,49,50478370.0
2021,26.0,Chester,0,0,0,0,0,0.0,13,13805950.0,13,13805950.0
2021,27.0,Clinton,0,0,0,0,0,0.0,0,0.0,0,0.0
2021,28.0,Colchester,0,0,0,0,8,315190.0,13,5405190.0,21,5720380.0
2021,29.0,Colebrook,0,0,0,0,0,0.0,1,416440.0,1,416440.0
2021,30.0,Columbia,0,0,0,0,0,0.0,12,5576380.0,12,5576380.0
2021,31.0,Cornwall,0,0,0,0,0,0.0,0,0.0,0,0.0
2021,32.0,Coventry,0,0,0,0,4,282913.0,4,936421.0,8,1219334.0
2021,33.0,Cromwell,0,0,0,0,10,1108850.0,12,10518750.0,22,11627600.0
2021,34.0,Danbury,0,0,0,0,0,0.0,82,186995201.0,82,186995201.0
2021,35.0,Darien,0,0,0,0,0,0.0,2,883543.0,2,883543.0
2021,36.0,Deep River,0,0,0,0,0,0.0,23,13256680.0,23,13256680.0
2021,37.0,Derby,1,373661,0,0,0,0.0,9,2307819.0,10,2681480.0
2021,38.0,Durham,0,0,0,0,0,0.0,23,21894680.0,23,21894680.0
2021,39.0,Eastford,0,0,0,0,0,0.0,12,14292390.0,12,14292390.0
2021,40.0,East Granby,2,238242,0,0,19,16219663.0,34,61192000.0,55,77649905.0
2021,41.0,East Haddam,0,0,0,0,1,38040.0,1,55260.0,2,93300.0
2021,42.0,East Hampton,0,0,0,0,7,4214730.0,0,0.0,7,4214730.0
2021,43.0,East Hartford,1,286850,0,0,0,0.0,59,369359030.0,60,369645880.0
2021,44.0,East Haven,0,0,0,0,0,0.0,27,4834360.0,27,4834360.0
2021,45.0,East Lyme,0,0,0,0,0,0.0,8,1645720.0,8,1645720.0
2021,46.0,Easton,0,0,0,0,0,0.0,0,0.0,0,0.0
2021,47.0,East Windsor,0,0,0,0,0,0.0,39,26007730.0,39,26007730.0
2021,48.0,Ellington,0,0,0,0,0,0.0,16,18255560.0,16,18255560.0
2021,49.0,Enfield,0,0,0,0,0,0.0,28,29938740.0,28,29938740.0
2021,50.0,Essex,0,0,0,0,0,0.0,22,22939550.0,22,22939550.0
2021,51.0,Fairfield,0,0,0,0,0,0.0,14,17484250.0,14,17484250.0
2021,52.0,Farmington,0,0,0,0,0,0.0,52,61014610.0,52,61014610.0
2021,53.0,Franklin,0,0,0,0,0,0.0,6,3082230.0,6,3082230.0
2021,54.0,Glastonbury,0,0,0,0,0,0.0,30,202403000.0,30,202403000.0
2021,55.0,Goshen,0,0,0,0,0,0.0,6,2597130.0,6,2597130.0
2021,56.0,Granby,0,0,0,0,0,0.0,4,1396470.0,4,1396470.0
2021,57.0,Greenwich,0,0,0,0,0,0.0,3,37271870.0,3,37271870.0
2021,58.0,Griswold,0,0,0,0,0,0.0,2,3693170.0,2,3693170.0
2021,59.0,Groton,2,849500,0,0,0,0.0,51,164795420.0,53,165644920.0
2021,60.0,Guilford,0,0,0,0,0,0.0,23,20276670.0,23,20276670.0
2021,61.0,Haddam,0,0,0,0,0,0.0,0,0.0,0,0.0
2021,62.0,Hamden,0,0,0,0,0,0.0,65,21463790.0,65,21463790.0
2021,63.0,Hampton,0,0,0,0,0,0.0,0,0.0,0,0.0
2021,64.0,Hartford,0,0,0,0,0,0.0,55,22053000.0,55,22053000.0
2021,65.0,Hartland,0,0,0,0,0,0.0,0,0.0,0,0.0
2021,66.0,Harwinton,0,0,0,0,0,0.0,6,1289480.0,6,1289480.0
2021,67.0,Hebron,0,0,0,0,0,0.0,2,9890.0,2,9890.0
2021,68.0,Kent,0,0,0,0,0,0.0,1,249190.0,1,249190.0
2021,69.0,Killingly,2,592601,0,0,0,0.0,30,68947940.0,32,69540541.0
2021,70.0,Killingworth,0,0,0,0,0,0.0,0,0.0,0,0.0
2021,71.0,Lebanon,0,0,0,0,0,0.0,1,3370960.0,1,3370960.0
2021,72.0,Ledyard,0,0,0,0,0,0.0,4,10402927.0,4,10402927.0
2021,73.0,Lisbon,0,0,0,0,1,9030.0,0,0.0,1,9030.0
2021,74.0,Litchfield,0,0,0,0,2,39910.0,4,1074290.0,6,1114200.0
2021,75.0,Lyme,0,0,0,0,0,0.0,0,0.0,0,0.0
2021,76.0,Madison,0,0,0,0,0,0.0,3,388130.0,3,388130.0
2021,77.0,Manchester,0,0,0,0,0,0.0,111,111246220.0,111,111246220.0
2021,78.0,Mansfield,0,0,0,0,0,0.0,2,784220.0,2,784220.0
2021,79.0,Marlborough,0,0,0,0,0,0.0,6,770720.0,6,770720.0
2021,80.0,Meriden,0,0,0,0,0,0.0,67,84069150.0,67,84069150.0
2021,81.0,Middlebury,0,0,0,0,5,421172.0,5,863888.0,10,1285060.0
2021,82.0,Middlefield,0,0,0,0,0,0.0,13,14193290.0,13,14193290.0
2021,83.0,Middletown,0,0,0,0,0,0.0,51,248328540.0,51,248328540.0
2021,84.0,Milford,0,0,0,0,0,0.0,126,117291319.0,126,117291319.0
2021,85.0,Monroe,0,0,0,0,0,0.0,26,21033940.0,26,21033940.0
2021,86.0,Montville,0,0,0,0,0,0.0,15,39172440.0,15,39172440.0
2021,87.0,Morris,0,0,0,0,0,0.0,4,1614880.0,4,1614880.0
2021,88.0,Naugatuck,7,14102054,0,0,0,0.0,39,31528870.0,46,45630924.0
2021,89.0,New Britain,10,216720,0,0,0,0.0,85,127066680.0,95,127283400.0
2021,90.0,New Canaan,0,0,0,0,0,0.0,1,8500.0,1,8500.0
2021,91.0,New Fairfield,0,0,0,0,0,0.0,3,42480.0,3,42480.0
2021,92.0,New Hartford,0,0,0,0,0,0.0,15,10471590.0,15,10471590.0
2021,93.0,New Haven,4,2613403,0,0,0,0.0,56,77541640.0,60,80155043.0
2021,94.0,Newington,0,0,0,0,0,0.0,80,85529920.0,80,85529920.0
2021,95.0,New London,1,521456,1,521456,0,0.0,0,0.0,2,1042912.0
2021,96.0,New Milford,0,0,0,0,0,0.0,44,73448320.0,44,73448320.0
2021,97.0,Newtown,0,0,0,0,0,0.0,22,24175480.0,22,24175480.0
2021,98.0,Norfolk,0,0,0,0,0,0.0,2,715630.0,2,715630.0
2021,99.0,North Branford,0,0,0,0,0,0.0,20,24670471.0,20,24670471.0
2021,100.0,North Canaan,0,0,0,0,0,0.0,12,65876170.0,12,65876170.0
2021,101.0,North Haven,0,0,0,0,0,0.0,47,86814780.0,47,86814780.0
2021,102.0,North Stonington,0,0,0,0,0,0.0,4,1580850.0,4,1580850.0
2021,103.0,Norwalk,0,0,0,0,0,0.0,0,0.0,0,0.0
2021,104.0,Norwich Town,1,1282472,0,0,0,0.0,23,11702540.0,24,12985012.0
2021,105.0,Old Lyme,0,0,0,0,0,0.0,1,117740.0,1,117740.0
2021,106.0,Old Saybrook,0,0,0,0,0,0.0,16,2860150.0,16,2860150.0
2021,107.0,Orange,0,0,0,0,0,0.0,26,22416680.0,26,22416680.0
2021,108.0,Oxford,3,755805,41,17512250,0,0.0,0,0.0,44,18268055.0
2021,109.0,Plainfield,1,3356240,0,0,0,0.0,30,15034780.0,31,18391020.0
2021,110.0,Plainville,2,324912,0,0,0,0.0,72,33461080.0,74,33785992.0
2021,111.0,Plymouth,0,0,0,0,0,0.0,32,9555560.0,32,9555560.0
2021,112.0,Pomfret,0,0,0,0,0,0.0,9,6405390.0,9,6405390.0
2021,113.0,Portland,0,0,0,0,0,0.0,18,5921280.0,18,5921280.0
2021,114.0,Preston,0,0,0,0,0,0.0,0,0.0,0,0.0
2021,115.0,Prospect,0,0,0,0,0,0.0,11,6025740.0,11,6025740.0
2021,116.0,Putnam,4,2322380,0,0,0,0.0,39,30703920.0,43,33026300.0
2021,117.0,Redding,0,0,0,0,0,0.0,0,0.0,0,0.0
2021,118.0,Ridgefield,0,0,0,0,0,0.0,11,66514560.0,11,66514560.0
2021,119.0,Rocky Hill,0,0,0,0,0,0.0,13,10818970.0,13,10818970.0
2021,120.0,Roxbury,0,0,0,0,0,0.0,0,0.0,0,0.0
2021,121.0,Salem,0,0,0,0,1,278920.0,3,937060.0,4,1215980.0
2021,122.0,Salisbury,0,0,0,0,0,0.0,1,1963670.0,1,1963670.0
2021,123.0,Scotland,0,0,0,0,2,227593.0,1,146609.0,3,374202.0
2021,124.0,Seymour,0,0,0,0,0,0.0,19,30579830.0,19,30579830.0
2021,125.0,Sharon,0,0,0,0,0,0.0,0,0.0,0,0.0
2021,126.0,Shelton,0,0,0,0,0,0.0,46,56645610.0,46,56645610.0
2021,127.0,Sherman,0,0,0,0,0,0.0,0,0.0,0,0.0
2021,128.0,Simsbury,0,0,0,0,0,0.0,10,7176400.0,10,7176400.0
2021,129.0,Somers,0,0,0,0,0,0.0,12,2124340.0,12,2124340.0
2021,130.0,Southbury,0,0,0,0,0,0.0,8,462460.0,8,462460.0
2021,131.0,Southington,7,4197254,0,0,0,0.0,91,79599173.0,98,83796427.0
2021,132.0,South Windsor,0,0,0,0,0,0.0,89,115946586.0,89,115946586.0
2021,133.0,Sprague,1,1215548,0,0,5,3014836.0,5,3884144.0,11,8114528.0
2021,134.0,Stafford,0,0,0,0,0,0.0,21,30813530.0,21,30813530.0
2021,135.0,Stamford,6,13648620,0,0,0,0.0,74,73548190.0,80,87196810.0
2021,136.0,Sterling,0,0,0,0,0,0.0,10,1660620.0,10,1660620.0
2021,137.0,Stonington,0,0,0,0,0,0.0,20,11582130.0,20,11582130.0
2021,138.0,Stratford,0,0,0,0,0,0.0,62,239007000.0,62,239007000.0
2021,139.0,Suffield,1,10500,0,0,0,0.0,12,23097480.0,13,23107980.0
2021,140.0,Thomaston,0,0,0,0,0,0.0,31,333672270.0,31,333672270.0
2021,141.0,Thompson,1,698086,0,0,0,0.0,13,6685710.0,14,7383796.0
2021,142.0,Tolland,0,0,0,0,0,0.0,21,2925620.0,21,2925620.0
2021,143.0,Torrington,2,72900,0,0,66,49710500.0,0,0.0,68,49783400.0
2021,144.0,Trumbull,0,0,0,0,0,0.0,24,18075380.0,24,18075380.0
2021,145.0,Union,0,0,0,0,0,0.0,0,0.0,0,0.0
2021,146.0,Vernon,0,0,0,0,8,1394561.0,12,2340719.0,20,3735280.0
2021,147.0,Voluntown,0,0,0,0,0,0.0,1,105420.0,1,105420.0
2021,148.0,Wallingford,0,0,0,0,0,0.0,111,157049740.0,111,157049740.0
2021,149.0,Warren,0,0,0,0,1,6420.0,1,34030.0,2,40450.0
2021,150.0,Washington,0,0,0,0,0,0.0,0,0.0,0,0.0
2021,151.0,Waterbury,5,534350,0,0,0,0.0,132,118994520.0,137,119528870.0
2021,152.0,Waterford,0,0,0,0,3,259610.0,5,1009160.0,8,1268770.0
2021,153.0,Watertown,0,0,0,0,0,0.0,58,61822140.0,58,61822140.0
2021,154.0,Westbrook,0,0,0,0,0,0.0,10,54091810.0,10,54091810.0
2021,155.0,West Hartford,0,0,0,0,39,24530410.0,0,0.0,39,24530410.0
2021,156.0,West Haven,0,0,0,0,0,0.0,30,17245250.0,30,17245250.0
2021,157.0,Weston,0,0,0,0,0,0.0,0,0.0,0,0.0
2021,158.0,Westport,0,0,0,0,0,0.0,2,55498.0,2,55498.0
2021,159.0,Wethersfield,0,0,0,0,0,0.0,14,1930020.0,14,1930020.0
2021,160.0,Willington,0,0,0,0,4,1948520.0,0,0.0,4,1948520.0
2021,161.0,Wilton,0,0,0,0,0,0.0,4,157028610.0,4,157028610.0
2021,162.0,Winchester,0,0,0,0,0,0.0,31,29576298.0,31,29576298.0
2021,163.0,Windham,0,0,0,0,0,0.0,23,33384540.0,23,33384540.0
2021,164.0,Windsor,1,3856886,0,0,0,0.0,62,72262417.0,63,76119303.0
2021,165.0,Windsor Locks,2,1422064,0,0,0,0.0,20,1723865350.0,22,1725287414.0
2021,166.0,Wolcott,0,0,0,0,0,0.0,37,14443960.0,37,14443960.0
2021,167.0,Woodbridge,0,0,0,0,0,0.0,11,2283710.0,11,2283710.0
2021,168.0,Woodbury,0,0,0,0,0,0.0,7,5325380.0,7,5325380.0
2021,169.0,Woodstock,0,0,0,0,0,0.0,8,6418310.0,8,6418310.0
2021,85.0,Connecticut,126,86231742,42,18033706,349,296100179.0,3770,7071947639.0,4287,7472313266.0
2020,1.0,Andover,0,0,0,0,2,401960.0,0,0.0,2,401960.0
2020,2.0,Ansonia,1,477000,0,0,11,821340.0,15,5664120.0,27,6962460.0
2020,3.0,Ashford,0,0,0,0,6,214130.0,4,384950.0,10,599080.0
2020,4.0,Avon,0,0,0,0,0,0.0,12,21202650.0,12,21202650.0
2020,5.0,Barkhamsted,0,0,0,0,0,0.0,10,3862180.0,10,3862180.0
2020,6.0,Beacon Falls,0,0,0,0,0,0.0,23,4695671.0,23,4695671.0
2020,7.0,Berlin,0,0,0,0,0,0.0,0,1171336200.0,0,1171336200.0
2020,8.0,Bethany,0,0,0,0,7,1631580.0,8,1424670.0,15,3056250.0
2020,9.0,Bethel,0,0,0,0,28,11070010.0,32,25478680.0,60,36548690.0
2020,10.0,Bethlehem,0,0,0,0,0,0.0,0,0.0,0,0.0
2020,11.0,Bloomfield,1,23060,0,0,0,0.0,76,145341890.0,77,145364950.0
2020,12.0,Bolton,0,0,0,0,0,0.0,6,2765240.0,6,2765240.0
2020,13.0,Bozrah,0,0,0,0,0,0.0,0,0.0,0,0.0
2020,14.0,Branford,0,0,0,0,0,0.0,55,39114570.0,55,39114570.0
2020,15.0,Bridgeport,17,2401404,0,0,0,0.0,94,41164736.0,111,43566140.0
2020,16.0,Bridgewater,0,0,0,0,2,134720.0,0,0.0,2,134720.0
2020,17.0,Bristol,15,1262133,0,0,0,0.0,146,210050949.0,161,211313082.0
2020,18.0,Brookfield,0,0,0,0,0,0.0,35,15439520.0,35,15439520.0
2020,19.0,Brooklyn,0,0,0,0,0,0.0,9,794860.0,9,794860.0
2020,20.0,Burlington,0,0,0,0,0,0.0,4,387660.0,4,387660.0
2020,21.0,Canaan,0,0,3,1030040,0,0.0,0,0.0,3,1030040.0
2020,22.0,Canterbury,0,0,0,0,0,0.0,3,451620.0,3,451620.0
2020,23.0,Canton,0,0,0,0,0,0.0,0,0.0,0,0.0
2020,24.0,Chaplin,0,0,0,0,0,0.0,2,45100.0,2,45100.0
2020,25.0,Cheshire,0,0,0,0,0,0.0,50,45110550.0,50,45110550.0
2020,26.0,Chester,0,0,0,0,0,0.0,13,11420100.0,13,11420100.0
2020,27.0,Clinton,0,0,0,0,17,4080950.0,0,0.0,17,4080950.0
2020,28.0,Colchester,0,0,0,0,9,331330.0,9,4375710.0,18,4707040.0
2020,29.0,Colebrook,0,0,0,0,0,0.0,1,333590.0,1,333590.0
2020,30.0,Columbia,0,0,0,0,0,0.0,13,6102560.0,13,6102560.0
2020,31.0,Cornwall,0,0,0,0,0,0.0,0,0.0,0,0.0
2020,32.0,Coventry,0,0,0,0,6,284876.0,6,904970.0,12,1189846.0
2020,33.0,Cromwell,0,0,0,0,11,1072950.0,14,10627550.0,25,11700500.0
2020,34.0,Danbury,0,0,0,0,0,0.0,82,187491532.0,82,187491532.0
2020,35.0,Darien,0,0,0,0,0,0.0,3,1607650.0,3,1607650.0
2020,36.0,Deep River,0,0,0,0,0,0.0,28,15234210.0,28,15234210.0
2020,37.0,Derby,1,662682,0,0,0,0.0,8,2158689.0,9,2821371.0
2020,38.0,Durham,0,0,0,0,0,0.0,24,19312620.0,24,19312620.0
2020,39.0,Eastford,0,0,0,0,0,0.0,12,15839270.0,12,15839270.0
2020,40.0,East Granby,2,271112,0,0,22,18826569.0,33,51567989.0,57,70665670.0
2020,41.0,East Haddam,0,0,0,0,1,27076.0,1,160774.0,2,187850.0
2020,42.0,East Hampton,0,0,0,0,0,0.0,0,0.0,0,0.0
2020,43.0,East Hartford,57,366971860,0,0,0,0.0,0,0.0,57,366971860.0
2020,44.0,East Haven,0,0,0,0,0,0.0,27,4465110.0,27,4465110.0
2020,45.0,East Lyme,0,0,0,0,0,0.0,8,1737780.0,8,1737780.0
2020,46.0,Easton,0,0,0,0,0,0.0,0,0.0,0,0.0
2020,47.0,East Windsor,0,0,0,0,0,0.0,42,31319630.0,42,31319630.0
2020,48.0,Ellington,0,0,0,0,0,0.0,19,21761830.0,19,21761830.0
2020,49.0,Enfield,0,0,0,0,0,0.0,37,36205110.0,37,36205110.0
2020,50.0,Essex,0,0,0,0,0,0.0,21,20479270.0,21,20479270.0
2020,51.0,Fairfield,0,0,0,0,16,16987190.0,0,0.0,16,16987190.0
2020,52.0,Farmington,0,0,0,0,0,0.0,54,63321480.0,54,63321480.0
2020,53.0,Franklin,0,0,0,0,2,752600.0,2,1237390.0,4,1989990.0
2020,54.0,Glastonbury,0,0,0,0,0,0.0,30,18725780.0,30,18725780.0
2020,55.0,Goshen,0,0,0,0,0,0.0,5,2394090.0,5,2394090.0
2020,56.0,Granby,0,0,0,0,0,0.0,4,1326570.0,4,1326570.0
2020,57.0,Greenwich,0,0,0,0,0,0.0,2,33115150.0,2,33115150.0
2020,58.0,Griswold,0,0,0,0,0,0.0,3,3771390.0,3,3771390.0
2020,59.0,Groton,2,1008406,0,0,0,0.0,61,170269980.0,63,171278386.0
2020,60.0,Guilford,0,0,0,0,0,0.0,24,17032580.0,24,17032580.0
2020,61.0,Haddam,0,0,0,0,0,0.0,0,0.0,0,0.0
2020,62.0,Hamden,0,0,0,0,0,0.0,54,18487420.0,54,18487420.0
2020,63.0,Hampton,0,0,0,0,0,0.0,1,2870.0,1,2870.0
2020,64.0,Hartford,0,0,0,0,0,0.0,59,27698490.0,59,27698490.0
2020,65.0,Hartland,0,0,0,0,0,0.0,0,0.0,0,0.0
2020,66.0,Harwinton,0,0,0,0,0,0.0,6,1260000.0,6,1260000.0
2020,67.0,Hebron,0,0,0,0,0,0.0,1,7830.0,1,7830.0
2020,68.0,Kent,0,0,0,0,0,0.0,1,155400.0,1,155400.0
2020,69.0,Killingly,0,0,0,0,0,0.0,35,79670458.0,35,79670458.0
2020,70.0,Killingworth,0,0,0,0,0,0.0,0,0.0,0,0.0
2020,71.0,Lebanon,0,0,0,0,0,0.0,0,0.0,0,0.0
2020,72.0,Ledyard,0,0,0,0,0,0.0,4,10462176.0,4,10462176.0
2020,73.0,Lisbon,0,0,0,0,0,0.0,1,9030.0,1,9030.0
2020,74.0,Litchfield,0,0,0,0,0,0.0,7,1128040.0,7,1128040.0
2020,75.0,Lyme,0,0,0,0,0,0.0,0,0.0,0,0.0
2020,76.0,Madison,0,0,0,0,0,0.0,3,306700.0,3,306700.0
2020,77.0,Manchester,0,0,0,0,0,0.0,109,122294230.0,109,122294230.0
2020,78.0,Mansfield,0,0,0,0,0,0.0,2,877220.0,2,877220.0
2020,79.0,Marlborough,0,0,0,0,0,0.0,7,548180.0,7,548180.0
2020,80.0,Meriden,3,2826975,0,0,0,0.0,69,80617235.0,72,83444210.0
2020,81.0,Middlebury,0,0,0,0,4,521785.0,6,834075.0,10,1355860.0
2020,82.0,Middlefield,0,0,0,0,0,0.0,10,14116040.0,10,14116040.0
2020,83.0,Middletown,1,1731912,0,0,0,0.0,51,224014760.0,52,225746672.0
2020,84.0,Milford,0,0,0,0,0,0.0,128,113169823.0,128,113169823.0
2020,85.0,Monroe,0,0,0,0,0,0.0,27,20535700.0,27,20535700.0
2020,86.0,Montville,0,0,0,0,0,0.0,14,37480700.0,14,37480700.0
2020,87.0,Morris,0,0,0,0,0,0.0,4,659830.0,4,659830.0
2020,88.0,Naugatuck,6,279899,0,0,0,0.0,49,37545470.0,55,37825369.0
2020,89.0,New Britain,12,422964,0,0,0,0.0,87,129108160.0,99,129531124.0
2020,90.0,New Canaan,0,0,0,0,0,0.0,1,8220.0,1,8220.0
2020,91.0,New Fairfield,0,0,0,0,0,0.0,3,51120.0,3,51120.0
2020,92.0,New Hartford,0,0,0,0,16,10610910.0,0,0.0,16,10610910.0
2020,93.0,New Haven,5,2575180,0,0,0,0.0,70,75708238.0,75,78283418.0
2020,94.0,Newington,0,0,0,0,0,0.0,75,91951820.0,75,91951820.0
2020,95.0,New London,1,467352,0,0,0,0.0,15,3707810.0,16,4175162.0
2020,96.0,New Milford,0,0,0,0,35,32212203.0,39,44480417.0,74,76692620.0
2020,97.0,Newtown,0,0,0,0,0,0.0,24,26444270.0,24,26444270.0
2020,98.0,Norfolk,0,0,0,0,0,0.0,2,737540.0,2,737540.0
2020,99.0,North Branford,0,0,0,0,0,0.0,0,0.0,0,0.0
2020,100.0,North Canaan,0,0,0,0,0,0.0,12,66567970.0,12,66567970.0
2020,101.0,North Haven,0,0,0,0,0,0.0,45,128355160.0,45,128355160.0
2020,102.0,North Stonington,0,0,0,0,0,0.0,3,1592590.0,3,1592590.0
2020,103.0,Norwalk,0,0,0,0,0,0.0,49,15615835.0,49,15615835.0
2020,104.0,Norwich Town,1,127880,0,0,0,0.0,22,9160870.0,23,9288750.0
2020,105.0,Old Lyme,0,0,0,0,0,0.0,1,109400.0,1,109400.0
2020,106.0,Old Saybrook,0,0,0,0,0,0.0,0,0.0,0,0.0
2020,107.0,Orange,0,0,0,0,0,0.0,26,21650530.0,26,21650530.0
2020,108.0,Oxford,5,609648,41,14141762,0,0.0,0,0.0,46,14751410.0
2020,109.0,Plainfield,1,2739344,0,0,0,0.0,31,18292270.0,32,21031614.0
2020,110.0,Plainville,6,2501020,0,0,0,0.0,73,31066500.0,79,33567520.0
2020,111.0,Plymouth,0,0,0,0,0,0.0,31,8401980.0,31,8401980.0
2020,112.0,Pomfret,0,0,0,0,0,0.0,9,5212720.0,9,5212720.0
2020,113.0,Portland,0,0,0,0,0,0.0,19,5757890.0,19,5757890.0
2020,114.0,Preston,0,0,0,0,0,0.0,0,0.0,0,0.0
2020,115.0,Prospect,0,0,0,0,0,0.0,13,5556250.0,13,5556250.0
2020,116.0,Putnam,2,165730,0,0,0,0.0,36,29700260.0,38,29865990.0
2020,117.0,Redding,0,0,0,0,0,0.0,0,0.0,0,0.0
2020,118.0,Ridgefield,0,0,0,0,0,0.0,10,66224850.0,10,66224850.0
2020,119.0,Rocky Hill,0,0,0,0,14,9435060.0,0,0.0,14,9435060.0
2020,120.0,Roxbury,0,0,0,0,0,0.0,2,214140.0,2,214140.0
2020,121.0,Salem,0,0,0,0,1,278920.0,2,708020.0,3,986940.0
2020,122.0,Salisbury,0,0,0,0,0,0.0,1,14559200.0,1,14559200.0
2020,123.0,Scotland,0,0,0,0,2,255570.0,1,188550.0,3,444120.0
2020,124.0,Seymour,0,0,0,0,0,0.0,19,28201900.0,19,28201900.0
2020,125.0,Sharon,0,0,0,0,0,0.0,0,0.0,0,0.0
2020,126.0,Shelton,0,0,0,0,0,0.0,46,56542220.0,46,56542220.0
2020,127.0,Sherman,0,0,0,0,0,0.0,0,0.0,0,0.0
2020,128.0,Simsbury,0,0,0,0,9,9154770.0,1,158760.0,10,9313530.0
2020,129.0,Somers,11,2053200,0,0,0,0.0,0,0.0,11,2053200.0
2020,130.0,Southbury,0,0,0,0,0,0.0,8,506200.0,8,506200.0
2020,131.0,Southington,6,2905136,0,0,0,0.0,89,76958669.0,95,79863805.0
2020,132.0,South Windsor,0,0,0,0,0,0.0,96,107350720.0,96,107350720.0
2020,133.0,Sprague,0,0,0,0,5,4563777.0,5,2291918.0,10,6855695.0
2020,134.0,Stafford,0,0,0,0,0,0.0,22,30047330.0,22,30047330.0
2020,135.0,Stamford,7,6203160,0,0,0,0.0,72,65500806.0,79,71703966.0
2020,136.0,Sterling,2,107517,0,0,0,0.0,10,1577513.0,12,1685030.0
2020,137.0,Stonington,0,0,0,0,0,0.0,21,12533159.0,21,12533159.0
2020,138.0,Stratford,0,0,0,0,0,0.0,65,226141030.0,65,226141030.0
2020,139.0,Suffield,0,0,0,0,0,0.0,13,20803070.0,13,20803070.0
2020,140.0,Thomaston,0,0,0,0,0,0.0,36,315859700.0,36,315859700.0
2020,141.0,Thompson,1,1281000,0,0,0,0.0,15,8949660.0,16,10230660.0
2020,142.0,Tolland,0,0,0,0,0,0.0,18,2958430.0,18,2958430.0
2020,143.0,Torrington,3,595270,0,0,64,54567020.0,0,0.0,67,55162290.0
2020,144.0,Trumbull,0,0,0,0,0,0.0,24,18789190.0,24,18789190.0
2020,145.0,Union,0,0,0,0,0,0.0,0,0.0,0,0.0
2020,146.0,Vernon,0,0,0,0,14,1534199.0,0,2407281.0,14,3941480.0
2020,147.0,Voluntown,0,0,0,0,0,0.0,1,107520.0,1,107520.0
2020,148.0,Wallingford,0,0,0,0,0,0.0,113,156368340.0,113,156368340.0
2020,149.0,Warren,0,0,0,0,0,0.0,2,40960.0,2,40960.0
2020,150.0,Washington,0,0,0,0,0,0.0,0,0.0,0,0.0
2020,151.0,Waterbury,7,1567280,0,0,0,0.0,134,114069750.0,141,115637030.0
2020,152.0,Waterford,0,0,0,0,4,568350.0,5,3773220.0,9,4341570.0
2020,153.0,Watertown,0,0,0,0,0,0.0,61,66406220.0,61,66406220.0
2020,154.0,Westbrook,0,0,0,0,0,0.0,9,55480570.0,9,55480570.0
2020,155.0,West Hartford,0,0,0,0,0,0.0,39,29877370.0,39,29877370.0
2020,156.0,West Haven,0,0,0,0,0,0.0,34,3892410.0,34,3892410.0
2020,157.0,Weston,0,0,0,0,0,0.0,0,0.0,0,0.0
2020,158.0,Westport,0,0,0,0,0,0.0,4,138670.0,4,138670.0
2020,159.0,Wethersfield,0,0,0,0,0,0.0,16,1490980.0,16,1490980.0
2020,160.0,Willington,0,0,0,0,5,1158302.0,5,1189726.0,10,2348028.0
2020,161.0,Wilton,0,0,0,0,0,0.0,4,119922170.0,4,119922170.0
2020,162.0,Winchester,0,475748,0,0,0,0.0,37,33229562.0,37,33705310.0
2020,163.0,Windham,0,0,0,0,0,0.0,23,32862120.0,23,32862120.0
2020,164.0,Windsor,4,11915333,0,0,0,0.0,64,80209874.0,68,92125207.0
2020,165.0,Windsor Locks,2,598312,0,0,0,0.0,22,155624670.0,24,156222982.0
2020,166.0,Wolcott,0,0,0,0,0,0.0,37,147897900.0,37,147897900.0
2020,167.0,Woodbridge,0,0,0,0,0,0.0,13,2518930.0,13,2518930.0
2020,168.0,Woodbury,0,0,0,0,0,0.0,7,5453060.0,7,5453060.0
2020,169.0,Woodstock,0,0,0,0,0,0.0,7,6239670.0,7,6239670.0
2020,85.0,Connecticut,182,415227517,44,15171802,313,181498147.0,3717,6076401675.0,4256,6688299141.0
